-- phpMyAdmin SQL Dump
-- version 5.1.1
-- https://www.phpmyadmin.net/
--
-- Host: 127.0.0.1
-- Generation Time: Oct 05, 2021 at 12:41 PM
-- Server version: 10.4.20-MariaDB
-- PHP Version: 8.0.9

SET SQL_MODE = "NO_AUTO_VALUE_ON_ZERO";
START TRANSACTION;
SET time_zone = "+00:00";


/*!40101 SET @OLD_CHARACTER_SET_CLIENT=@@CHARACTER_SET_CLIENT */;
/*!40101 SET @OLD_CHARACTER_SET_RESULTS=@@CHARACTER_SET_RESULTS */;
/*!40101 SET @OLD_COLLATION_CONNECTION=@@COLLATION_CONNECTION */;
/*!40101 SET NAMES utf8mb4 */;

--
-- Database: `dumb_data`
--

-- --------------------------------------------------------

--
-- Table structure for table `countries`
--

CREATE TABLE `countries` (
  `cnt_id` int(11) NOT NULL,
  `cnt_code` int(11) NOT NULL,
  `cnt_title` varchar(256) COLLATE utf8mb4_unicode_ci NOT NULL,
  `cnt_created` datetime NOT NULL DEFAULT current_timestamp()
) ENGINE=InnoDB DEFAULT CHARSET=utf8mb4 COLLATE=utf8mb4_unicode_ci;

--
-- Dumping data for table `countries`
--

INSERT INTO `countries` (`cnt_id`, `cnt_code`, `cnt_title`, `cnt_created`) VALUES
(1, 972, 'Israel', '2021-10-04 22:23:37'),
(2, 1, 'USA', '2021-10-04 22:25:23'),
(3, 41, 'Switzerland', '2021-10-04 22:25:23'),
(4, 886, 'Taiwan', '2021-10-04 22:25:23'),
(5, 66, 'Thailand', '2021-10-04 22:25:23');

-- --------------------------------------------------------

--
-- Table structure for table `numbers`
--

CREATE TABLE `numbers` (
  `num_id` int(11) NOT NULL,
  `cnt_id` int(11) NOT NULL,
  `num_number` varchar(11) COLLATE utf8mb4_unicode_ci NOT NULL,
  `num_created` datetime NOT NULL DEFAULT current_timestamp()
) ENGINE=InnoDB DEFAULT CHARSET=utf8mb4 COLLATE=utf8mb4_unicode_ci;

--
-- Dumping data for table `numbers`
--

INSERT INTO `numbers` (`num_id`, `cnt_id`, `num_number`, `num_created`) VALUES
(1, 1, '0523633458', '2021-10-04 22:27:40'),
(2, 1, '0523633458', '2021-10-04 22:28:34'),
(3, 3, '0523633123', '2021-10-04 22:28:34'),
(4, 1, '0523124124', '2021-10-04 22:28:34'),
(5, 5, '0512443458', '2021-10-04 22:28:34'),
(6, 2, '0512433458', '2021-10-04 22:28:34'),
(7, 1, '0521243345', '2021-10-04 22:28:34'),
(8, 1, '0523633125', '2021-10-04 22:28:34'),
(9, 1, '0523612455', '2021-10-04 22:28:34');

-- --------------------------------------------------------

--
-- Table structure for table `send_log`
--

CREATE TABLE `send_log` (
  `log_id` int(11) NOT NULL,
  `usr_id` int(11) NOT NULL,
  `num_id` int(11) NOT NULL,
  `log_message` longtext COLLATE utf8mb4_unicode_ci NOT NULL,
  `log_success` tinyint(1) NOT NULL,
  `log_created` datetime NOT NULL DEFAULT current_timestamp()
) ENGINE=InnoDB DEFAULT CHARSET=utf8mb4 COLLATE=utf8mb4_unicode_ci;

--
-- Dumping data for table `send_log`
--

INSERT INTO `send_log` (`log_id`, `usr_id`, `num_id`, `log_message`, `log_success`, `log_created`) VALUES
(1, 1, 1, 'powkqr poqwkr poqktpoqwkt powqkpot kqwpotk qpwoktp qwoktpwqok tpqwok tpqwokt pqwoktpowq kpqotk qpwotk pqwokt pqowktqw', 1, '2021-10-01 22:32:05'),
(2, 1, 1, 'powkqr poqwkr poqktpoqwkt powqkpot kqwpotk qpwoktp qwoktpwqok tpqwok tpqwokt pqwoktpowq kpqotk qpwotk pqwokt pqowktqw', 1, '2021-10-01 22:33:02'),
(3, 2, 2, 'powkqr poqwkr poqktpoqwkt powqkpot kqwpotk qpwoktp qwoktpwqok tpqwok tpqwokt pqwoktpowq kpqotk qpwotk pqwokt pqowktqw', 0, '2021-10-02 22:33:02'),
(4, 5, 3, 'powkqr poqwkr poqktpoqwkt powqkpot kqwpotk qpwoktp qwoktpwqok tpqwok tpqwokt pqwoktpowq kpqotk qpwotk pqwokt pqowktqw', 0, '2021-10-03 22:33:02'),
(5, 1, 1, 'powkqr poqwkr poqktpoqwkt powqkpot kqwpotk qpwoktp qwoktpwqok tpqwok tpqwokt pqwoktpowq kpqotk qpwotk pqwokt pqowktqw', 0, '2021-10-03 22:33:02'),
(6, 1, 1, 'powkqr poqwkr poqktpoqwkt powqkpot kqwpotk qpwoktp qwoktpwqok tpqwok tpqwokt pqwoktpowq kpqotk qpwotk pqwokt pqowktqw', 0, '2021-10-03 22:33:02'),
(7, 1, 1, 'powkqr poqwkr poqktpoqwkt powqkpot kqwpotk qpwoktp qwoktpwqok tpqwok tpqwokt pqwoktpowq kpqotk qpwotk pqwokt pqowktqw', 1, '2021-10-04 22:33:02'),
(8, 1, 1, 'powkqr poqwkr poqktpoqwkt powqkpot kqwpotk qpwoktp qwoktpwqok tpqwok tpqwokt pqwoktpowq kpqotk qpwotk pqwokt pqowktqw', 1, '2021-10-04 22:33:02'),
(9, 1, 1, 'powkqr poqwkr poqktpoqwkt powqkpot kqwpotk qpwoktp qwoktpwqok tpqwok tpqwokt pqwoktpowq kpqotk qpwotk pqwokt pqowktqw', 1, '2021-10-04 22:33:02'),
(10, 1, 1, 'powkqr poqwkr poqktpoqwkt powqkpot kqwpotk qpwoktp qwoktpwqok tpqwok tpqwokt pqwoktpowq kpqotk qpwotk pqwokt pqowktqw', 1, '2021-10-04 22:33:02'),
(11, 1, 1, 'powkqr poqwkr poqktpoqwkt powqkpot kqwpotk qpwoktp qwoktpwqok tpqwok tpqwokt pqwoktpowq kpqotk qpwotk pqwokt pqowktqw', 1, '2021-10-04 22:33:02'),
(12, 1, 1, 'powkqr poqwkr poqktpoqwkt powqkpot kqwpotk qpwoktp qwoktpwqok tpqwok tpqwokt pqwoktpowq kpqotk qpwotk pqwokt pqowktqw', 1, '2021-10-04 22:33:02'),
(13, 1, 1, 'powkqr poqwkr poqktpoqwkt powqkpot kqwpotk qpwoktp qwoktpwqok tpqwok tpqwokt pqwoktpowq kpqotk qpwotk pqwokt pqowktqw', 0, '2021-10-01 22:33:02'),
(14, 1, 1, 'qwrqwrqwrqwrqwr', 1, '2021-10-04 22:49:07'),
(15, 1, 1, 'qwrqwrqwrqwrqwr', 1, '2021-10-01 22:32:05'),
(16, 1, 1, 'qwrqwrqwrqwrqwr', 1, '2021-10-01 22:32:05'),
(17, 1, 1, 'qwrqwrqwrqwrqwr', 1, '2021-10-01 22:32:05'),
(18, 1, 1, 'qwrqwrqwrqwrqwr', 1, '2021-10-01 22:32:05'),
(19, 1, 1, 'qwrqwrqwrqwrqwr', 1, '2021-10-01 22:32:05'),
(20, 1, 1, 'qwrqwrqwrqwrqwr', 1, '2021-10-01 22:32:05'),
(21, 1, 1, 'qwrqwrqwrqwrqwr', 1, '2021-10-01 22:32:05'),
(22, 1, 1, 'qwrqwrqwrqwrqwr', 1, '2021-10-01 22:32:05'),
(23, 1, 1, 'qwrqwrqwrqwrqwr', 1, '2021-10-01 22:32:05'),
(24, 1, 1, 'qwrqwrqwrqwrqwr', 1, '2021-10-01 22:32:05'),
(25, 1, 1, 'qwrqwrqwrqwrqwr', 1, '2021-10-01 22:32:05'),
(26, 1, 1, 'qwrqwrqwrqwrqwr', 1, '2021-10-01 22:32:05'),
(27, 1, 1, 'qwrqwrqwrqwrqwr', 1, '2021-10-01 22:32:05'),
(28, 1, 1, 'qwrqwrqwrqwrqwr', 1, '2021-10-01 22:32:05'),
(29, 1, 1, 'qwrqwrqwrqwrqwr', 1, '2021-10-01 22:32:05'),
(30, 1, 1, 'qwrqwrqwrqwrqwr', 1, '2021-10-01 22:32:05'),
(31, 1, 1, 'qwrqwrqwrqwrqwr', 1, '2021-10-01 22:32:05'),
(32, 1, 1, 'qwrqwrqwrqwrqwr', 1, '2021-10-01 22:32:05'),
(33, 1, 1, 'qwrqwrqwrqwrqwr', 1, '2021-10-01 22:32:05'),
(34, 1, 1, 'qwrqwrqwrqwrqwr', 1, '2021-10-01 22:32:05'),
(35, 1, 1, 'qwrqwrqwrqwrqwr', 1, '2021-10-01 22:32:05'),
(36, 1, 1, 'qwrqwrqwrqwrqwr', 1, '2021-10-01 22:32:05'),
(37, 1, 1, 'qwrqwrqwrqwrqwr', 1, '2021-10-01 22:32:05'),
(38, 1, 1, 'qwrqwrqwrqwrqwr', 1, '2021-10-01 22:32:05'),
(39, 1, 1, 'qwrqwrqwrqwrqwr', 1, '2021-10-01 22:32:05'),
(40, 1, 1, 'qwrqwrqwrqwrqwr', 1, '2021-10-01 22:32:05'),
(41, 1, 1, 'qwrqwrqwrqwrqwr', 1, '2021-10-01 22:32:05'),
(42, 1, 1, 'qwrqwrqwrqwrqwr', 1, '2021-10-01 22:32:05'),
(43, 1, 1, 'qwrqwrqwrqwrqwr', 1, '2021-10-01 22:32:05'),
(44, 1, 1, 'qwrqwrqwrqwrqwr', 1, '2021-10-01 22:32:05'),
(45, 1, 1, 'qwrqwrqwrqwrqwr', 1, '2021-10-01 22:32:05'),
(46, 1, 1, 'qwrqwrqwrqwrqwr', 1, '2021-10-01 22:32:05'),
(47, 1, 1, 'qwrqwrqwrqwrqwr', 1, '2021-10-01 22:32:05'),
(48, 1, 1, 'qwrqwrqwrqwrqwr', 1, '2021-10-01 22:32:05'),
(49, 1, 1, 'qwrqwrqwrqwrqwr', 1, '2021-10-01 22:32:05'),
(50, 1, 1, 'qwrqwrqwrqwrqwr', 1, '2021-10-01 22:32:05'),
(51, 1, 1, 'qwrqwrqwrqwrqwr', 1, '2021-10-01 22:32:05'),
(52, 1, 1, 'qwrqwrqwrqwrqwr', 1, '2021-10-01 22:32:05'),
(53, 1, 1, 'qwrqwrqwrqwrqwr', 1, '2021-10-01 22:32:05'),
(54, 1, 1, 'qwrqwrqwrqwrqwr', 1, '2021-10-01 22:32:05'),
(55, 1, 1, 'qwrqwrqwrqwrqwr', 1, '2021-10-01 22:32:05'),
(56, 1, 1, 'qwrqwrqwrqwrqwr', 1, '2021-10-01 22:32:05'),
(57, 1, 1, 'qwrqwrqwrqwrqwr', 1, '2021-10-01 22:32:05'),
(58, 1, 1, 'qwrqwrqwrqwrqwr', 1, '2021-10-01 22:32:05'),
(59, 1, 1, 'qwrqwrqwrqwrqwr', 1, '2021-10-01 22:32:05'),
(60, 1, 1, 'qwrqwrqwrqwrqwr', 1, '2021-10-01 22:32:05'),
(61, 1, 1, 'qwrqwrqwrqwrqwr', 1, '2021-10-01 22:32:05'),
(62, 1, 1, 'qwrqwrqwrqwrqwr', 1, '2021-10-01 22:32:05'),
(63, 1, 1, 'qwrqwrqwrqwrqwr', 1, '2021-10-01 22:32:05'),
(64, 1, 1, 'qwrqwrqwrqwrqwr', 0, '2021-10-01 22:32:05'),
(65, 1, 1, 'qwrqwrqwrqwrqwr', 0, '2021-10-01 22:32:05'),
(66, 1, 1, 'qwrqwrqwrqwrqwr', 0, '2021-10-01 22:32:05'),
(67, 1, 1, 'qwrqwrqwrqwrqwr', 0, '2021-10-01 22:32:05'),
(68, 1, 1, 'qwrqwrqwrqwrqwr', 0, '2021-10-01 22:32:05'),
(69, 1, 1, 'qwrqwrqwrqwrqwr', 0, '2021-10-01 22:32:05'),
(70, 1, 1, 'qwrqwrqwrqwrqwr', 0, '2021-10-01 22:32:05'),
(71, 1, 1, 'qwrqwrqwrqwrqwr', 0, '2021-10-01 22:32:05'),
(72, 1, 1, 'qwrqwrqwrqwrqwr', 0, '2021-10-01 22:32:05'),
(73, 1, 1, 'qwrqwrqwrqwrqwr', 0, '2021-10-01 22:32:05'),
(74, 1, 1, 'qwrqwrqwrqwrqwr', 0, '2021-10-01 22:32:05'),
(75, 1, 1, 'qwrqwrqwrqwrqwr', 0, '2021-10-01 22:32:05'),
(76, 1, 1, 'qwrqwrqwrqwrqwr', 0, '2021-10-01 22:32:05'),
(77, 1, 1, 'qwrqwrqwrqwrqwr', 0, '2021-10-01 22:32:05'),
(78, 1, 1, 'qwrqwrqwrqwrqwr', 0, '2021-10-01 22:32:05'),
(79, 2, 2, 'qwrqwrqwrqwrqwr', 0, '2021-10-01 22:32:05'),
(80, 2, 2, 'qwrqwrqwrqwrqwr', 0, '2021-10-01 22:32:05'),
(81, 2, 2, 'qwrqwrqwrqwrqwr', 0, '2021-10-01 22:32:05'),
(82, 2, 2, 'qwrqwrqwrqwrqwr', 0, '2021-10-01 22:32:05'),
(83, 2, 2, 'qwrqwrqwrqwrqwr', 0, '2021-10-01 22:32:05'),
(84, 2, 2, 'qwrqwrqwrqwrqwr', 0, '2021-10-01 22:32:05'),
(85, 2, 2, 'qwrqwrqwrqwrqwr', 0, '2021-10-01 22:32:05'),
(86, 2, 2, 'qwrqwrqwrqwrqwr', 0, '2021-10-01 22:32:05'),
(87, 2, 2, 'qwrqwrqwrqwrqwr', 0, '2021-10-01 22:32:05'),
(88, 2, 2, 'qwrqwrqwrqwrqwr', 0, '2021-10-01 22:32:05'),
(89, 2, 2, 'qwrqwrqwrqwrqwr', 0, '2021-10-01 22:32:05'),
(90, 2, 2, 'qwrqwrqwrqwrqwr', 0, '2021-10-01 22:32:05'),
(91, 2, 2, 'qwrqwrqwrqwrqwr', 0, '2021-10-01 22:32:05'),
(92, 2, 2, 'qwrqwrqwrqwrqwr', 0, '2021-10-01 22:32:05'),
(93, 2, 2, 'qwrqwrqwrqwrqwr', 0, '2021-10-01 22:32:05'),
(94, 2, 2, 'qwrqwrqwrqwrqwr', 0, '2021-10-01 22:32:05'),
(95, 2, 2, 'qwrqwrqwrqwrqwr', 0, '2021-10-01 22:32:05'),
(96, 2, 2, 'qwrqwrqwrqwrqwr', 0, '2021-10-01 22:32:05'),
(97, 2, 2, 'qwrqwrqwrqwrqwr', 0, '2021-10-01 22:32:05'),
(98, 2, 2, 'qwrqwrqwrqwrqwr', 0, '2021-10-01 22:32:05'),
(99, 2, 2, 'qwrqwrqwrqwrqwr', 0, '2021-10-01 22:32:05'),
(100, 2, 2, 'qwrqwrqwrqwrqwr', 0, '2021-10-01 22:32:05'),
(101, 2, 2, 'qwrqwrqwrqwrqwr', 0, '2021-10-01 22:32:05'),
(102, 2, 2, 'qwrqwrqwrqwrqwr', 0, '2021-10-01 22:32:05'),
(103, 2, 2, 'qwrqwrqwrqwrqwr', 0, '2021-10-01 22:32:05'),
(104, 2, 2, 'qwrqwrqwrqwrqwr', 0, '2021-10-01 22:32:05'),
(105, 2, 2, 'qwrqwrqwrqwrqwr', 0, '2021-10-01 22:32:05'),
(106, 2, 2, 'qwrqwrqwrqwrqwr', 0, '2021-10-01 22:32:05'),
(107, 2, 2, 'qwrqwrqwrqwrqwr', 0, '2021-10-01 22:32:05'),
(108, 2, 2, 'qwrqwrqwrqwrqwr', 0, '2021-10-01 22:32:05'),
(109, 2, 2, 'qwrqwrqwrqwrqwr', 0, '2021-10-01 22:32:05'),
(110, 2, 2, 'qwrqwrqwrqwrqwr', 0, '2021-10-01 22:32:05'),
(111, 2, 2, 'qwrqwrqwrqwrqwr', 0, '2021-10-01 22:32:05'),
(112, 2, 2, 'qwrqwrqwrqwrqwr', 0, '2021-10-01 22:32:05'),
(113, 2, 2, 'qwrqwrqwrqwrqwr', 0, '2021-10-01 22:32:05'),
(114, 2, 2, 'qwrqwrqwrqwrqwr', 0, '2021-10-01 22:32:05'),
(115, 2, 2, 'qwrqwrqwrqwrqwr', 0, '2021-10-01 22:32:05'),
(116, 2, 2, 'qwrqwrqwrqwrqwr', 0, '2021-10-01 22:32:05'),
(117, 2, 2, 'qwrqwrqwrqwrqwr', 0, '2021-10-01 22:32:05'),
(118, 2, 2, 'qwrqwrqwrqwrqwr', 0, '2021-10-01 22:32:05'),
(119, 2, 2, 'qwrqwrqwrqwrqwr', 0, '2021-10-01 22:32:05'),
(120, 2, 2, 'qwrqwrqwrqwrqwr', 0, '2021-10-01 22:32:05'),
(121, 2, 2, 'qwrqwrqwrqwrqwr', 0, '2021-10-01 22:32:05'),
(122, 2, 2, 'qwrqwrqwrqwrqwr', 0, '2021-10-01 22:32:05'),
(123, 2, 2, 'qwrqwrqwrqwrqwr', 0, '2021-10-01 22:32:05'),
(124, 2, 2, 'qwrqwrqwrqwrqwr', 0, '2021-10-01 22:32:05'),
(125, 2, 2, 'qwrqwrqwrqwrqwr', 0, '2021-10-01 22:32:05'),
(126, 2, 2, 'qwrqwrqwrqwrqwr', 0, '2021-10-01 22:32:05'),
(127, 2, 2, 'qwrqwrqwrqwrqwr', 0, '2021-10-01 22:32:05'),
(128, 2, 2, 'qwrqwrqwrqwrqwr', 0, '2021-10-01 22:32:05'),
(129, 2, 2, 'qwrqwrqwrqwrqwr', 0, '2021-10-01 22:32:05'),
(130, 2, 2, 'qwrqwrqwrqwrqwr', 0, '2021-10-01 22:32:05'),
(131, 2, 2, 'qwrqwrqwrqwrqwr', 0, '2021-10-01 22:32:05'),
(132, 2, 2, 'qwrqwrqwrqwrqwr', 0, '2021-10-01 22:32:05'),
(133, 2, 2, 'qwrqwrqwrqwrqwr', 0, '2021-10-01 22:32:05'),
(134, 2, 2, 'qwrqwrqwrqwrqwr', 0, '2021-10-01 22:32:05'),
(135, 1, 1, 'qwrqwrqwrqwrqwr', 1, '2021-10-01 22:32:05'),
(136, 1, 2, 'qwrqwr qwr qwt qwt qw', 1, '2021-10-04 22:53:34'),
(137, 2, 2, 'qwrqwrqwrqwrqwr', 0, '2021-10-02 22:32:05'),
(138, 2, 2, 'qwrqwrqwrqwrqwr', 0, '2021-10-02 22:32:05'),
(139, 2, 2, 'qwrqwrqwrqwrqwr', 0, '2021-10-02 22:32:05'),
(140, 2, 2, 'qwrqwrqwrqwrqwr', 0, '2021-10-02 22:32:05'),
(141, 2, 2, 'qwrqwrqwrqwrqwr', 0, '2021-10-02 22:32:05'),
(142, 2, 2, 'qwrqwrqwrqwrqwr', 0, '2021-10-02 22:32:05'),
(143, 2, 2, 'qwrqwrqwrqwrqwr', 0, '2021-10-02 22:32:05'),
(144, 2, 2, 'qwrqwrqwrqwrqwr', 0, '2021-10-02 22:32:05'),
(145, 2, 2, 'qwrqwrqwrqwrqwr', 0, '2021-10-02 22:32:05'),
(146, 2, 2, 'qwrqwrqwrqwrqwr', 0, '2021-10-02 22:32:05'),
(147, 2, 2, 'qwrqwrqwrqwrqwr', 0, '2021-10-02 22:32:05'),
(148, 2, 2, 'qwrqwrqwrqwrqwr', 0, '2021-10-02 22:32:05'),
(149, 2, 2, 'qwrqwrqwrqwrqwr', 0, '2021-10-02 22:32:05'),
(150, 2, 2, 'qwrqwrqwrqwrqwr', 0, '2021-10-02 22:32:05'),
(151, 2, 2, 'qwrqwrqwrqwrqwr', 0, '2021-10-02 22:32:05'),
(152, 2, 2, 'qwrqwrqwrqwrqwr', 0, '2021-10-02 22:32:05'),
(153, 2, 2, 'qwrqwrqwrqwrqwr', 0, '2021-10-02 22:32:05'),
(154, 2, 2, 'qwrqwrqwrqwrqwr', 0, '2021-10-02 22:32:05'),
(155, 2, 2, 'qwrqwrqwrqwrqwr', 0, '2021-10-02 22:32:05'),
(156, 2, 2, 'qwrqwrqwrqwrqwr', 0, '2021-10-02 22:32:05'),
(157, 2, 2, 'qwrqwrqwrqwrqwr', 0, '2021-10-02 22:32:05'),
(158, 2, 2, 'qwrqwrqwrqwrqwr', 0, '2021-10-02 22:32:05'),
(159, 2, 2, 'qwrqwrqwrqwrqwr', 0, '2021-10-02 22:32:05'),
(160, 2, 2, 'qwrqwrqwrqwrqwr', 0, '2021-10-02 22:32:05'),
(161, 2, 2, 'qwrqwrqwrqwrqwr', 0, '2021-10-02 22:32:05'),
(162, 2, 2, 'qwrqwrqwrqwrqwr', 0, '2021-10-02 22:32:05'),
(163, 2, 2, 'qwrqwrqwrqwrqwr', 0, '2021-10-02 22:32:05'),
(164, 2, 2, 'qwrqwrqwrqwrqwr', 0, '2021-10-02 22:32:05'),
(165, 2, 2, 'qwrqwrqwrqwrqwr', 0, '2021-10-02 22:32:05'),
(166, 2, 2, 'qwrqwrqwrqwrqwr', 0, '2021-10-02 22:32:05'),
(167, 2, 2, 'qwrqwrqwrqwrqwr', 0, '2021-10-02 22:32:05'),
(168, 2, 2, 'qwrqwrqwrqwrqwr', 0, '2021-10-02 22:32:05'),
(169, 2, 2, 'qwrqwrqwrqwrqwr', 0, '2021-10-02 22:32:05'),
(170, 2, 2, 'qwrqwrqwrqwrqwr', 0, '2021-10-02 22:32:05'),
(171, 2, 2, 'qwrqwrqwrqwrqwr', 0, '2021-10-02 22:32:05'),
(172, 2, 2, 'qwrqwrqwrqwrqwr', 0, '2021-10-02 22:32:05'),
(173, 2, 2, 'qwrqwrqwrqwrqwr', 0, '2021-10-02 22:32:05'),
(174, 2, 2, 'qwrqwrqwrqwrqwr', 0, '2021-10-02 22:32:05'),
(175, 2, 2, 'qwrqwrqwrqwrqwr', 0, '2021-10-02 22:32:05'),
(176, 2, 2, 'qwrqwrqwrqwrqwr', 0, '2021-10-02 22:32:05'),
(177, 2, 2, 'qwrqwrqwrqwrqwr', 0, '2021-10-02 22:32:05'),
(178, 2, 2, 'qwrqwrqwrqwrqwr', 0, '2021-10-02 22:32:05'),
(179, 2, 2, 'qwrqwrqwrqwrqwr', 0, '2021-10-02 22:32:05'),
(180, 2, 2, 'qwrqwrqwrqwrqwr', 0, '2021-10-02 22:32:05'),
(181, 2, 2, 'qwrqwrqwrqwrqwr', 0, '2021-10-02 22:32:05'),
(182, 2, 3, 'qwrqwrqwrqwrqwr', 0, '2021-10-02 22:32:05'),
(183, 2, 3, 'qwrqwrqwrqwrqwr', 0, '2021-10-02 22:32:05'),
(184, 2, 3, 'qwrqwrqwrqwrqwr', 0, '2021-10-02 22:32:05'),
(185, 2, 3, 'qwrqwrqwrqwrqwr', 0, '2021-10-02 22:32:05'),
(186, 2, 3, 'qwrqwrqwrqwrqwr', 0, '2021-10-02 22:32:05'),
(187, 2, 3, 'qwrqwrqwrqwrqwr', 0, '2021-10-02 22:32:05'),
(188, 2, 3, 'qwrqwrqwrqwrqwr', 0, '2021-10-02 22:32:05'),
(189, 2, 3, 'qwrqwrqwrqwrqwr', 0, '2021-10-02 22:32:05'),
(190, 2, 3, 'qwrqwrqwrqwrqwr', 0, '2021-10-02 22:32:05'),
(191, 2, 3, 'qwrqwrqwrqwrqwr', 0, '2021-10-02 22:32:05'),
(192, 2, 3, 'qwrqwrqwrqwrqwr', 0, '2021-10-02 22:32:05'),
(193, 2, 3, 'qwrqwrqwrqwrqwr', 0, '2021-10-02 22:32:05'),
(194, 2, 3, 'qwrqwrqwrqwrqwr', 0, '2021-10-02 22:32:05'),
(195, 2, 3, 'qwrqwrqwrqwrqwr', 0, '2021-10-02 22:32:05'),
(196, 2, 3, 'qwrqwrqwrqwrqwr', 0, '2021-10-02 22:32:05'),
(197, 2, 3, 'qwrqwrqwrqwrqwr', 0, '2021-10-02 22:32:05'),
(198, 2, 3, 'qwrqwrqwrqwrqwr', 0, '2021-10-02 22:32:05'),
(199, 2, 3, 'qwrqwrqwrqwrqwr', 0, '2021-10-02 22:32:05'),
(200, 2, 3, 'qwrqwrqwrqwrqwr', 0, '2021-10-02 22:32:05'),
(201, 2, 3, 'qwrqwrqwrqwrqwr', 0, '2021-10-02 22:32:05'),
(202, 2, 3, 'qwrqwrqwrqwrqwr', 0, '2021-10-02 22:32:05'),
(203, 2, 3, 'qwrqwrqwrqwrqwr', 0, '2021-10-02 22:32:05'),
(204, 2, 3, 'qwrqwrqwrqwrqwr', 0, '2021-10-02 22:32:05'),
(205, 2, 3, 'qwrqwrqwrqwrqwr', 0, '2021-10-02 22:32:05'),
(206, 2, 3, 'qwrqwrqwrqwrqwr', 0, '2021-10-02 22:32:05'),
(207, 2, 3, 'qwrqwrqwrqwrqwr', 0, '2021-10-02 22:32:05'),
(208, 2, 3, 'qwrqwrqwrqwrqwr', 0, '2021-10-02 22:32:05'),
(209, 2, 3, 'qwrqwrqwrqwrqwr', 0, '2021-10-02 22:32:05'),
(210, 2, 3, 'qwrqwrqwrqwrqwr', 0, '2021-10-02 22:32:05'),
(211, 2, 3, 'qwrqwrqwrqwrqwr', 0, '2021-10-02 22:32:05'),
(212, 2, 3, 'qwrqwrqwrqwrqwr', 0, '2021-10-02 22:32:05'),
(213, 2, 3, 'qwrqwrqwrqwrqwr', 0, '2021-10-02 22:32:05'),
(214, 2, 3, 'qwrqwrqwrqwrqwr', 0, '2021-10-02 22:32:05'),
(215, 1, 2, 'qwrqwr qwr qwt qwt qw', 1, '2021-10-02 22:32:05'),
(216, 2, 2, 'qwrqwrqwrqwrqwr', 0, '2021-10-02 22:32:05'),
(217, 2, 2, 'qwrqwrqwrqwrqwr', 0, '2021-10-02 22:32:05'),
(218, 2, 2, 'qwrqwrqwrqwrqwr', 0, '2021-10-02 22:32:05'),
(219, 2, 2, 'qwrqwrqwrqwrqwr', 0, '2021-10-02 22:32:05'),
(220, 2, 2, 'qwrqwrqwrqwrqwr', 0, '2021-10-02 22:32:05'),
(221, 2, 2, 'qwrqwrqwrqwrqwr', 0, '2021-10-02 22:32:05'),
(222, 2, 2, 'qwrqwrqwrqwrqwr', 0, '2021-10-02 22:32:05'),
(223, 2, 2, 'qwrqwrqwrqwrqwr', 0, '2021-10-02 22:32:05'),
(224, 2, 2, 'qwrqwrqwrqwrqwr', 0, '2021-10-02 22:32:05'),
(225, 2, 2, 'qwrqwrqwrqwrqwr', 0, '2021-10-02 22:32:05'),
(226, 2, 2, 'qwrqwrqwrqwrqwr', 0, '2021-10-02 22:32:05'),
(227, 2, 2, 'qwrqwrqwrqwrqwr', 0, '2021-10-02 22:32:05'),
(228, 2, 2, 'qwrqwrqwrqwrqwr', 0, '2021-10-02 22:32:05'),
(229, 2, 2, 'qwrqwrqwrqwrqwr', 0, '2021-10-02 22:32:05'),
(230, 2, 2, 'qwrqwrqwrqwrqwr', 0, '2021-10-02 22:32:05'),
(231, 2, 2, 'qwrqwrqwrqwrqwr', 0, '2021-10-02 22:32:05'),
(232, 2, 2, 'qwrqwrqwrqwrqwr', 0, '2021-10-02 22:32:05'),
(233, 2, 2, 'qwrqwrqwrqwrqwr', 0, '2021-10-02 22:32:05'),
(234, 2, 2, 'qwrqwrqwrqwrqwr', 0, '2021-10-02 22:32:05'),
(235, 2, 2, 'qwrqwrqwrqwrqwr', 0, '2021-10-02 22:32:05'),
(236, 2, 2, 'qwrqwrqwrqwrqwr', 0, '2021-10-02 22:32:05'),
(237, 2, 2, 'qwrqwrqwrqwrqwr', 0, '2021-10-02 22:32:05'),
(238, 2, 2, 'qwrqwrqwrqwrqwr', 0, '2021-10-02 22:32:05'),
(239, 2, 2, 'qwrqwrqwrqwrqwr', 0, '2021-10-02 22:32:05'),
(240, 2, 2, 'qwrqwrqwrqwrqwr', 0, '2021-10-02 22:32:05'),
(241, 2, 2, 'qwrqwrqwrqwrqwr', 0, '2021-10-02 22:32:05'),
(242, 2, 2, 'qwrqwrqwrqwrqwr', 0, '2021-10-02 22:32:05'),
(243, 2, 2, 'qwrqwrqwrqwrqwr', 0, '2021-10-02 22:32:05'),
(244, 2, 2, 'qwrqwrqwrqwrqwr', 0, '2021-10-02 22:32:05'),
(245, 2, 2, 'qwrqwrqwrqwrqwr', 0, '2021-10-02 22:32:05'),
(246, 2, 2, 'qwrqwrqwrqwrqwr', 0, '2021-10-02 22:32:05'),
(247, 2, 2, 'qwrqwrqwrqwrqwr', 0, '2021-10-02 22:32:05'),
(248, 2, 2, 'qwrqwrqwrqwrqwr', 0, '2021-10-02 22:32:05'),
(249, 2, 2, 'qwrqwrqwrqwrqwr', 0, '2021-10-02 22:32:05'),
(250, 2, 2, 'qwrqwrqwrqwrqwr', 0, '2021-10-02 22:32:05'),
(251, 2, 2, 'qwrqwrqwrqwrqwr', 0, '2021-10-02 22:32:05'),
(252, 2, 2, 'qwrqwrqwrqwrqwr', 0, '2021-10-02 22:32:05'),
(253, 2, 2, 'qwrqwrqwrqwrqwr', 0, '2021-10-02 22:32:05'),
(254, 2, 2, 'qwrqwrqwrqwrqwr', 0, '2021-10-02 22:32:05'),
(255, 2, 2, 'qwrqwrqwrqwrqwr', 0, '2021-10-02 22:32:05'),
(256, 2, 2, 'qwrqwrqwrqwrqwr', 0, '2021-10-02 22:32:05'),
(257, 2, 2, 'qwrqwrqwrqwrqwr', 0, '2021-10-02 22:32:05'),
(258, 2, 2, 'qwrqwrqwrqwrqwr', 0, '2021-10-02 22:32:05'),
(259, 2, 2, 'qwrqwrqwrqwrqwr', 0, '2021-10-02 22:32:05'),
(260, 2, 2, 'qwrqwrqwrqwrqwr', 0, '2021-10-02 22:32:05'),
(261, 2, 3, 'qwrqwrqwrqwrqwr', 0, '2021-10-02 22:32:05'),
(262, 2, 3, 'qwrqwrqwrqwrqwr', 0, '2021-10-02 22:32:05'),
(263, 2, 3, 'qwrqwrqwrqwrqwr', 0, '2021-10-02 22:32:05'),
(264, 2, 3, 'qwrqwrqwrqwrqwr', 0, '2021-10-02 22:32:05'),
(265, 2, 3, 'qwrqwrqwrqwrqwr', 0, '2021-10-02 22:32:05'),
(266, 2, 3, 'qwrqwrqwrqwrqwr', 0, '2021-10-02 22:32:05'),
(267, 2, 3, 'qwrqwrqwrqwrqwr', 0, '2021-10-02 22:32:05'),
(268, 2, 3, 'qwrqwrqwrqwrqwr', 0, '2021-10-02 22:32:05'),
(269, 2, 3, 'qwrqwrqwrqwrqwr', 0, '2021-10-02 22:32:05'),
(270, 2, 3, 'qwrqwrqwrqwrqwr', 0, '2021-10-02 22:32:05'),
(271, 2, 3, 'qwrqwrqwrqwrqwr', 0, '2021-10-02 22:32:05'),
(272, 2, 3, 'qwrqwrqwrqwrqwr', 0, '2021-10-02 22:32:05'),
(273, 2, 3, 'qwrqwrqwrqwrqwr', 0, '2021-10-02 22:32:05'),
(274, 2, 3, 'qwrqwrqwrqwrqwr', 0, '2021-10-02 22:32:05'),
(275, 2, 3, 'qwrqwrqwrqwrqwr', 0, '2021-10-02 22:32:05'),
(276, 2, 3, 'qwrqwrqwrqwrqwr', 0, '2021-10-02 22:32:05'),
(277, 2, 3, 'qwrqwrqwrqwrqwr', 0, '2021-10-02 22:32:05'),
(278, 2, 3, 'qwrqwrqwrqwrqwr', 0, '2021-10-02 22:32:05'),
(279, 2, 3, 'qwrqwrqwrqwrqwr', 0, '2021-10-02 22:32:05'),
(280, 2, 3, 'qwrqwrqwrqwrqwr', 0, '2021-10-02 22:32:05'),
(281, 2, 3, 'qwrqwrqwrqwrqwr', 0, '2021-10-02 22:32:05'),
(282, 2, 3, 'qwrqwrqwrqwrqwr', 0, '2021-10-02 22:32:05'),
(283, 2, 3, 'qwrqwrqwrqwrqwr', 1, '2021-10-02 22:32:05'),
(284, 2, 3, 'qwrqwrqwrqwrqwr', 1, '2021-10-02 22:32:05'),
(285, 2, 3, 'qwrqwrqwrqwrqwr', 1, '2021-10-02 22:32:05'),
(286, 2, 3, 'qwrqwrqwrqwrqwr', 1, '2021-10-02 22:32:05'),
(287, 2, 3, 'qwrqwrqwrqwrqwr', 1, '2021-10-02 22:32:05'),
(288, 2, 3, 'qwrqwrqwrqwrqwr', 1, '2021-10-02 22:32:05'),
(289, 2, 3, 'qwrqwrqwrqwrqwr', 1, '2021-10-02 22:32:05'),
(290, 2, 3, 'qwrqwrqwrqwrqwr', 1, '2021-10-02 22:32:05'),
(291, 2, 3, 'qwrqwrqwrqwrqwr', 1, '2021-10-02 22:32:05'),
(292, 2, 3, 'qwrqwrqwrqwrqwr', 1, '2021-10-02 22:32:05'),
(293, 2, 3, 'qwrqwrqwrqwrqwr', 1, '2021-10-02 22:32:05'),
(294, 2, 3, 'qwrqwrqwrqwrqwr', 1, '2021-10-02 22:32:05'),
(295, 2, 3, 'qwrqwrqwrqwrqwr', 1, '2021-10-02 22:32:05'),
(296, 2, 3, 'qwrqwrqwrqwrqwr', 1, '2021-10-02 22:32:05'),
(297, 2, 3, 'qwrqwrqwrqwrqwr', 1, '2021-10-02 22:32:05'),
(298, 2, 3, 'qwrqwrqwrqwrqwr', 1, '2021-10-02 22:32:05'),
(299, 2, 3, 'qwrqwrqwrqwrqwr', 1, '2021-10-02 22:32:05'),
(300, 2, 3, 'qwrqwrqwrqwrqwr', 1, '2021-10-02 22:32:05'),
(301, 2, 3, 'qwrqwrqwrqwrqwr', 1, '2021-10-02 22:32:05'),
(302, 2, 3, 'qwrqwrqwrqwrqwr', 1, '2021-10-02 22:32:05'),
(303, 2, 3, 'qwrqwrqwrqwrqwr', 1, '2021-10-02 22:32:05'),
(304, 2, 3, 'qwrqwrqwrqwrqwr', 1, '2021-10-02 22:32:05'),
(305, 2, 3, 'qwrqwrqwrqwrqwr', 1, '2021-10-02 22:32:05'),
(306, 2, 3, 'qwrqwrqwrqwrqwr', 1, '2021-10-02 22:32:05'),
(307, 2, 3, 'qwrqwrqwrqwrqwr', 1, '2021-10-02 22:32:05'),
(308, 2, 3, 'qwrqwrqwrqwrqwr', 1, '2021-10-02 22:32:05'),
(309, 2, 3, 'qwrqwrqwrqwrqwr', 1, '2021-10-02 22:32:05'),
(310, 2, 3, 'qwrqwrqwrqwrqwr', 1, '2021-10-02 22:32:05'),
(311, 2, 3, 'qwrqwrqwrqwrqwr', 1, '2021-10-02 22:32:05'),
(312, 2, 3, 'qwrqwrqwrqwrqwr', 1, '2021-10-02 22:32:05'),
(313, 2, 3, 'qwrqwrqwrqwrqwr', 1, '2021-10-02 22:32:05'),
(314, 2, 3, 'qwrqwrqwrqwrqwr', 1, '2021-10-02 22:32:05'),
(315, 2, 3, 'qwrqwrqwrqwrqwr', 1, '2021-10-02 22:32:05'),
(316, 2, 3, 'qwrqwrqwrqwrqwr', 1, '2021-10-02 22:32:05'),
(317, 2, 3, 'qwrqwrqwrqwrqwr', 1, '2021-10-02 22:32:05'),
(318, 2, 3, 'qwrqwrqwrqwrqwr', 1, '2021-10-02 22:32:05'),
(319, 2, 3, 'qwrqwrqwrqwrqwr', 1, '2021-10-02 22:32:05'),
(320, 2, 3, 'qwrqwrqwrqwrqwr', 1, '2021-10-02 22:32:05'),
(321, 2, 3, 'qwrqwrqwrqwrqwr', 1, '2021-10-02 22:32:05'),
(322, 2, 3, 'qwrqwrqwrqwrqwr', 1, '2021-10-02 22:32:05'),
(323, 2, 3, 'qwrqwrqwrqwrqwr', 1, '2021-10-02 22:32:05'),
(324, 2, 3, 'qwrqwrqwrqwrqwr', 1, '2021-10-02 22:32:05'),
(325, 2, 3, 'qwrqwrqwrqwrqwr', 1, '2021-10-02 22:32:05'),
(326, 2, 3, 'qwrqwrqwrqwrqwr', 1, '2021-10-02 22:32:05'),
(327, 2, 3, 'qwrqwrqwrqwrqwr', 1, '2021-10-02 22:32:05'),
(328, 2, 3, 'qwrqwrqwrqwrqwr', 1, '2021-10-02 22:32:05'),
(329, 2, 3, 'qwrqwrqwrqwrqwr', 1, '2021-10-02 22:32:05'),
(330, 2, 3, 'qwrqwrqwrqwrqwr', 1, '2021-10-02 22:32:05'),
(331, 2, 3, 'qwrqwrqwrqwrqwr', 1, '2021-10-02 22:32:05'),
(332, 2, 3, 'qwrqwrqwrqwrqwr', 1, '2021-10-02 22:32:05'),
(333, 2, 3, 'qwrqwrqwrqwrqwr', 1, '2021-10-02 22:32:05'),
(334, 2, 3, 'qwrqwrqwrqwrqwr', 1, '2021-10-02 22:32:05'),
(335, 2, 3, 'qwrqwrqwrqwrqwr', 1, '2021-10-02 22:32:05'),
(336, 2, 3, 'qwrqwrqwrqwrqwr', 1, '2021-10-02 22:32:05'),
(337, 2, 3, 'qwrqwrqwrqwrqwr', 1, '2021-10-02 22:32:05'),
(338, 2, 3, 'qwrqwrqwrqwrqwr', 1, '2021-10-02 22:32:05'),
(339, 2, 3, 'qwrqwrqwrqwrqwr', 1, '2021-10-02 22:32:05'),
(340, 2, 3, 'qwrqwrqwrqwrqwr', 1, '2021-10-02 22:32:05'),
(341, 2, 3, 'qwrqwrqwrqwrqwr', 1, '2021-10-02 22:32:05'),
(342, 2, 3, 'qwrqwrqwrqwrqwr', 1, '2021-10-02 22:32:05'),
(343, 2, 3, 'qwrqwrqwrqwrqwr', 1, '2021-10-02 22:32:05'),
(344, 2, 3, 'qwrqwrqwrqwrqwr', 1, '2021-10-02 22:32:05'),
(345, 2, 3, 'qwrqwrqwrqwrqwr', 1, '2021-10-02 22:32:05'),
(346, 2, 3, 'qwrqwrqwrqwrqwr', 1, '2021-10-02 22:32:05'),
(347, 2, 3, 'qwrqwrqwrqwrqwr', 1, '2021-10-02 22:32:05'),
(348, 2, 3, 'qwrqwrqwrqwrqwr', 1, '2021-10-02 22:32:05'),
(349, 2, 3, 'qwrqwrqwrqwrqwr', 1, '2021-10-02 22:32:05'),
(350, 2, 3, 'qwrqwrqwrqwrqwr', 1, '2021-10-02 22:32:05'),
(351, 2, 3, 'qwrqwrqwrqwrqwr', 1, '2021-10-02 22:32:05'),
(352, 2, 3, 'qwrqwrqwrqwrqwr', 1, '2021-10-02 22:32:05'),
(353, 2, 3, 'qwrqwrqwrqwrqwr', 1, '2021-10-02 22:32:05'),
(354, 2, 3, 'qwrqwrqwrqwrqwr', 1, '2021-10-02 22:32:05'),
(355, 2, 3, 'qwrqwrqwrqwrqwr', 1, '2021-10-02 22:32:05'),
(356, 2, 3, 'qwrqwrqwrqwrqwr', 1, '2021-10-02 22:32:05'),
(357, 2, 3, 'qwrqwrqwrqwrqwr', 1, '2021-10-02 22:32:05'),
(358, 2, 3, 'qwrqwrqwrqwrqwr', 1, '2021-10-02 22:32:05'),
(359, 2, 3, 'qwrqwrqwrqwrqwr', 1, '2021-10-02 22:32:05'),
(360, 2, 3, 'qwrqwrqwrqwrqwr', 1, '2021-10-02 22:32:05'),
(361, 2, 3, 'qwrqwrqwrqwrqwr', 1, '2021-10-02 22:32:05'),
(362, 2, 3, 'qwrqwrqwrqwrqwr', 1, '2021-10-02 22:32:05'),
(363, 2, 3, 'qwrqwrqwrqwrqwr', 1, '2021-10-02 22:32:05'),
(364, 2, 3, 'qwrqwrqwrqwrqwr', 1, '2021-10-02 22:32:05'),
(365, 2, 3, 'qwrqwrqwrqwrqwr', 1, '2021-10-02 22:32:05'),
(366, 2, 3, 'qwrqwrqwrqwrqwr', 1, '2021-10-02 22:32:05'),
(367, 2, 3, 'qwrqwrqwrqwrqwr', 1, '2021-10-02 22:32:05'),
(368, 2, 3, 'qwrqwrqwrqwrqwr', 1, '2021-10-02 22:32:05'),
(369, 2, 3, 'qwrqwrqwrqwrqwr', 1, '2021-10-02 22:32:05'),
(370, 2, 3, 'qwrqwrqwrqwrqwr', 1, '2021-10-02 22:32:05'),
(371, 2, 3, 'qwrqwrqwrqwrqwr', 1, '2021-10-02 22:32:05'),
(372, 2, 3, 'qwrqwrqwrqwrqwr', 1, '2021-10-02 22:32:05'),
(373, 2, 3, 'qwrqwrqwrqwrqwr', 1, '2021-10-02 22:32:05'),
(374, 2, 3, 'qwrqwrqwrqwrqwr', 1, '2021-10-02 22:32:05'),
(375, 2, 3, 'qwrqwrqwrqwrqwr', 1, '2021-10-02 22:32:05'),
(376, 2, 3, 'qwrqwrqwrqwrqwr', 1, '2021-10-02 22:32:05'),
(377, 2, 3, 'qwrqwrqwrqwrqwr', 1, '2021-10-02 22:32:05'),
(378, 2, 3, 'qwrqwrqwrqwrqwr', 1, '2021-10-02 22:32:05'),
(379, 2, 3, 'qwrqwrqwrqwrqwr', 1, '2021-10-02 22:32:05'),
(380, 2, 3, 'qwrqwrqwrqwrqwr', 1, '2021-10-02 22:32:05'),
(381, 2, 3, 'qwrqwrqwrqwrqwr', 1, '2021-10-02 22:32:05'),
(382, 2, 3, 'qwrqwrqwrqwrqwr', 1, '2021-10-02 22:32:05'),
(383, 2, 3, 'qwrqwrqwrqwrqwr', 1, '2021-10-02 22:32:05'),
(384, 2, 3, 'qwrqwrqwrqwrqwr', 1, '2021-10-02 22:32:05'),
(385, 2, 3, 'qwrqwrqwrqwrqwr', 1, '2021-10-02 22:32:05'),
(386, 2, 3, 'qwrqwrqwrqwrqwr', 1, '2021-10-02 22:32:05'),
(387, 2, 3, 'qwrqwrqwrqwrqwr', 1, '2021-10-02 22:32:05'),
(388, 2, 3, 'qwrqwrqwrqwrqwr', 1, '2021-10-02 22:32:05'),
(389, 2, 3, 'qwrqwrqwrqwrqwr', 1, '2021-10-02 22:32:05'),
(390, 2, 3, 'qwrqwrqwrqwrqwr', 1, '2021-10-02 22:32:05'),
(391, 2, 3, 'qwrqwrqwrqwrqwr', 1, '2021-10-02 22:32:05'),
(392, 2, 3, 'qwrqwrqwrqwrqwr', 1, '2021-10-02 22:32:05'),
(393, 2, 3, 'qwrqwrqwrqwrqwr', 1, '2021-10-02 22:32:05'),
(394, 2, 3, 'qwrqwrqwrqwrqwr', 1, '2021-10-02 22:32:05'),
(395, 2, 3, 'qwrqwrqwrqwrqwr', 1, '2021-10-02 22:32:05'),
(396, 2, 3, 'qwrqwrqwrqwrqwr', 1, '2021-10-02 22:32:05'),
(397, 2, 3, 'qwrqwrqwrqwrqwr', 1, '2021-10-02 22:32:05'),
(398, 2, 3, 'qwrqwrqwrqwrqwr', 1, '2021-10-02 22:32:05'),
(399, 2, 3, 'qwrqwrqwrqwrqwr', 1, '2021-10-02 22:32:05'),
(400, 2, 3, 'qwrqwrqwrqwrqwr', 1, '2021-10-02 22:32:05'),
(401, 2, 3, 'qwrqwrqwrqwrqwr', 1, '2021-10-02 22:32:05'),
(402, 2, 3, 'qwrqwrqwrqwrqwr', 1, '2021-10-02 22:32:05'),
(403, 2, 3, 'qwrqwrqwrqwrqwr', 1, '2021-10-02 22:32:05'),
(404, 2, 3, 'qwrqwrqwrqwrqwr', 1, '2021-10-02 22:32:05'),
(405, 2, 3, 'qwrqwrqwrqwrqwr', 1, '2021-10-02 22:32:05'),
(406, 2, 3, 'qwrqwrqwrqwrqwr', 1, '2021-10-02 22:32:05'),
(407, 2, 3, 'qwrqwrqwrqwrqwr', 1, '2021-10-02 22:32:05'),
(408, 2, 3, 'qwrqwrqwrqwrqwr', 1, '2021-10-02 22:32:05'),
(409, 2, 3, 'qwrqwrqwrqwrqwr', 1, '2021-10-02 22:32:05'),
(410, 2, 3, 'qwrqwrqwrqwrqwr', 1, '2021-10-02 22:32:05'),
(411, 2, 3, 'qwrqwrqwrqwrqwr', 1, '2021-10-02 22:32:05'),
(412, 2, 3, 'qwrqwrqwrqwrqwr', 1, '2021-10-02 22:32:05'),
(413, 2, 3, 'qwrqwrqwrqwrqwr', 1, '2021-10-02 22:32:05'),
(414, 2, 3, 'qwrqwrqwrqwrqwr', 1, '2021-10-02 22:32:05'),
(415, 2, 3, 'qwrqwrqwrqwrqwr', 1, '2021-10-02 22:32:05'),
(416, 2, 3, 'qwrqwrqwrqwrqwr', 1, '2021-10-02 22:32:05'),
(417, 2, 3, 'qwrqwrqwrqwrqwr', 1, '2021-10-02 22:32:05'),
(418, 2, 3, 'qwrqwrqwrqwrqwr', 1, '2021-10-02 22:32:05'),
(419, 2, 3, 'qwrqwrqwrqwrqwr', 1, '2021-10-02 22:32:05'),
(420, 2, 3, 'qwrqwrqwrqwrqwr', 1, '2021-10-02 22:32:05'),
(421, 2, 3, 'qwrqwrqwrqwrqwr', 1, '2021-10-02 22:32:05'),
(422, 2, 3, 'qwrqwrqwrqwrqwr', 1, '2021-10-02 22:32:05'),
(423, 2, 3, 'qwrqwrqwrqwrqwr', 1, '2021-10-02 22:32:05'),
(424, 2, 3, 'qwrqwrqwrqwrqwr', 1, '2021-10-02 22:32:05'),
(425, 2, 3, 'qwrqwrqwrqwrqwr', 1, '2021-10-02 22:32:05'),
(426, 2, 3, 'qwrqwrqwrqwrqwr', 1, '2021-10-02 22:32:05'),
(427, 2, 3, 'qwrqwrqwrqwrqwr', 1, '2021-10-02 22:32:05'),
(428, 2, 3, 'qwrqwrqwrqwrqwr', 1, '2021-10-02 22:32:05'),
(429, 2, 3, 'qwrqwrqwrqwrqwr', 1, '2021-10-02 22:32:05'),
(430, 2, 3, 'qwrqwrqwrqwrqwr', 1, '2021-10-02 22:32:05'),
(431, 2, 3, 'qwrqwrqwrqwrqwr', 1, '2021-10-02 22:32:05'),
(432, 2, 3, 'qwrqwrqwrqwrqwr', 1, '2021-10-02 22:32:05'),
(433, 2, 3, 'qwrqwrqwrqwrqwr', 1, '2021-10-02 22:32:05'),
(434, 2, 3, 'qwrqwrqwrqwrqwr', 1, '2021-10-02 22:32:05'),
(435, 2, 3, 'qwrqwrqwrqwrqwr', 1, '2021-10-02 22:32:05'),
(436, 2, 3, 'qwrqwrqwrqwrqwr', 1, '2021-10-02 22:32:05'),
(437, 2, 3, 'qwrqwrqwrqwrqwr', 1, '2021-10-02 22:32:05'),
(438, 2, 3, 'qwrqwrqwrqwrqwr', 1, '2021-10-02 22:32:05'),
(439, 2, 3, 'qwrqwrqwrqwrqwr', 1, '2021-10-02 22:32:05'),
(440, 2, 3, 'qwrqwrqwrqwrqwr', 1, '2021-10-02 22:32:05'),
(441, 2, 3, 'qwrqwrqwrqwrqwr', 1, '2021-10-02 22:32:05'),
(442, 2, 3, 'qwrqwrqwrqwrqwr', 1, '2021-10-02 22:32:05'),
(443, 2, 3, 'qwrqwrqwrqwrqwr', 1, '2021-10-02 22:32:05'),
(444, 2, 3, 'qwrqwrqwrqwrqwr', 1, '2021-10-02 22:32:05'),
(445, 2, 3, 'qwrqwrqwrqwrqwr', 1, '2021-10-02 22:32:05'),
(446, 2, 3, 'qwrqwrqwrqwrqwr', 1, '2021-10-02 22:32:05'),
(447, 2, 3, 'qwrqwrqwrqwrqwr', 1, '2021-10-02 22:32:05'),
(448, 2, 3, 'qwrqwrqwrqwrqwr', 1, '2021-10-02 22:32:05'),
(449, 2, 3, 'qwrqwrqwrqwrqwr', 1, '2021-10-02 22:32:05'),
(450, 2, 3, 'qwrqwrqwrqwrqwr', 1, '2021-10-02 22:32:05'),
(451, 2, 3, 'qwrqwrqwrqwrqwr', 1, '2021-10-02 22:32:05'),
(452, 2, 3, 'qwrqwrqwrqwrqwr', 1, '2021-10-02 22:32:05'),
(453, 2, 3, 'qwrqwrqwrqwrqwr', 1, '2021-10-02 22:32:05'),
(454, 2, 3, 'qwrqwrqwrqwrqwr', 1, '2021-10-02 22:32:05'),
(455, 2, 3, 'qwrqwrqwrqwrqwr', 1, '2021-10-02 22:32:05'),
(456, 2, 3, 'qwrqwrqwrqwrqwr', 1, '2021-10-02 22:32:05'),
(457, 2, 3, 'qwrqwrqwrqwrqwr', 1, '2021-10-02 22:32:05'),
(458, 2, 3, 'qwrqwrqwrqwrqwr', 1, '2021-10-02 22:32:05'),
(459, 2, 3, 'qwrqwrqwrqwrqwr', 1, '2021-10-02 22:32:05'),
(460, 2, 3, 'qwrqwrqwrqwrqwr', 1, '2021-10-02 22:32:05'),
(461, 2, 3, 'qwrqwrqwrqwrqwr', 1, '2021-10-02 22:32:05'),
(462, 2, 3, 'qwrqwrqwrqwrqwr', 1, '2021-10-02 22:32:05'),
(463, 2, 3, 'qwrqwrqwrqwrqwr', 1, '2021-10-02 22:32:05'),
(464, 2, 3, 'qwrqwrqwrqwrqwr', 1, '2021-10-02 22:32:05'),
(465, 2, 3, 'qwrqwrqwrqwrqwr', 1, '2021-10-02 22:32:05'),
(466, 2, 3, 'qwrqwrqwrqwrqwr', 1, '2021-10-02 22:32:05'),
(467, 2, 3, 'qwrqwrqwrqwrqwr', 1, '2021-10-02 22:32:05'),
(468, 2, 3, 'qwrqwrqwrqwrqwr', 1, '2021-10-02 22:32:05'),
(469, 2, 3, 'qwrqwrqwrqwrqwr', 1, '2021-10-02 22:32:05'),
(470, 2, 3, 'qwrqwrqwrqwrqwr', 1, '2021-10-02 22:32:05'),
(471, 2, 3, 'qwrqwrqwrqwrqwr', 1, '2021-10-02 22:32:05'),
(472, 2, 3, 'qwrqwrqwrqwrqwr', 1, '2021-10-02 22:32:05'),
(473, 2, 3, 'qwrqwrqwrqwrqwr', 1, '2021-10-02 22:32:05'),
(474, 2, 3, 'qwrqwrqwrqwrqwr', 1, '2021-10-02 22:32:05'),
(475, 2, 3, 'qwrqwrqwrqwrqwr', 1, '2021-10-02 22:32:05'),
(476, 2, 3, 'qwrqwrqwrqwrqwr', 1, '2021-10-02 22:32:05'),
(477, 2, 3, 'qwrqwrqwrqwrqwr', 1, '2021-10-02 22:32:05'),
(478, 2, 3, 'qwrqwrqwrqwrqwr', 1, '2021-10-02 22:32:05'),
(479, 2, 3, 'qwrqwrqwrqwrqwr', 1, '2021-10-02 22:32:05'),
(480, 2, 3, 'qwrqwrqwrqwrqwr', 1, '2021-10-02 22:32:05'),
(481, 2, 3, 'qwrqwrqwrqwrqwr', 1, '2021-10-02 22:32:05'),
(482, 2, 3, 'qwrqwrqwrqwrqwr', 1, '2021-10-02 22:32:05'),
(483, 2, 3, 'qwrqwrqwrqwrqwr', 1, '2021-10-02 22:32:05'),
(484, 2, 3, 'qwrqwrqwrqwrqwr', 1, '2021-10-02 22:32:05'),
(485, 2, 3, 'qwrqwrqwrqwrqwr', 1, '2021-10-02 22:32:05'),
(486, 2, 3, 'qwrqwrqwrqwrqwr', 1, '2021-10-02 22:32:05'),
(487, 2, 3, 'qwrqwrqwrqwrqwr', 1, '2021-10-02 22:32:05'),
(488, 2, 3, 'qwrqwrqwrqwrqwr', 1, '2021-10-02 22:32:05'),
(489, 2, 3, 'qwrqwrqwrqwrqwr', 1, '2021-10-02 22:32:05'),
(490, 2, 3, 'qwrqwrqwrqwrqwr', 1, '2021-10-02 22:32:05'),
(491, 2, 3, 'qwrqwrqwrqwrqwr', 1, '2021-10-02 22:32:05'),
(492, 2, 3, 'qwrqwrqwrqwrqwr', 1, '2021-10-02 22:32:05'),
(493, 2, 3, 'qwrqwrqwrqwrqwr', 1, '2021-10-02 22:32:05'),
(494, 2, 3, 'qwrqwrqwrqwrqwr', 1, '2021-10-02 22:32:05'),
(495, 2, 3, 'qwrqwrqwrqwrqwr', 1, '2021-10-02 22:32:05'),
(496, 2, 3, 'qwrqwrqwrqwrqwr', 1, '2021-10-02 22:32:05'),
(497, 2, 3, 'qwrqwrqwrqwrqwr', 1, '2021-10-02 22:32:05'),
(498, 2, 3, 'qwrqwrqwrqwrqwr', 1, '2021-10-02 22:32:05'),
(499, 2, 3, 'qwrqwrqwrqwrqwr', 1, '2021-10-02 22:32:05'),
(500, 2, 3, 'qwrqwrqwrqwrqwr', 1, '2021-10-02 22:32:05'),
(501, 2, 3, 'qwrqwrqwrqwrqwr', 1, '2021-10-02 22:32:05'),
(502, 2, 3, 'qwrqwrqwrqwrqwr', 1, '2021-10-02 22:32:05'),
(503, 2, 3, 'qwrqwrqwrqwrqwr', 1, '2021-10-02 22:32:05'),
(504, 2, 3, 'qwrqwrqwrqwrqwr', 1, '2021-10-02 22:32:05'),
(505, 2, 3, 'qwrqwrqwrqwrqwr', 1, '2021-10-02 22:32:05'),
(506, 2, 3, 'qwrqwrqwrqwrqwr', 1, '2021-10-02 22:32:05'),
(507, 2, 3, 'qwrqwrqwrqwrqwr', 1, '2021-10-02 22:32:05'),
(508, 2, 3, 'qwrqwrqwrqwrqwr', 1, '2021-10-02 22:32:05'),
(509, 2, 3, 'qwrqwrqwrqwrqwr', 1, '2021-10-02 22:32:05'),
(510, 2, 3, 'qwrqwrqwrqwrqwr', 1, '2021-10-02 22:32:05'),
(511, 2, 3, 'qwrqwrqwrqwrqwr', 1, '2021-10-02 22:32:05'),
(512, 2, 3, 'qwrqwrqwrqwrqwr', 1, '2021-10-02 22:32:05'),
(513, 2, 3, 'qwrqwrqwrqwrqwr', 1, '2021-10-02 22:32:05'),
(514, 2, 3, 'qwrqwrqwrqwrqwr', 1, '2021-10-02 22:32:05'),
(515, 2, 3, 'qwrqwrqwrqwrqwr', 1, '2021-10-02 22:32:05'),
(516, 2, 3, 'qwrqwrqwrqwrqwr', 1, '2021-10-02 22:32:05'),
(517, 2, 3, 'qwrqwrqwrqwrqwr', 1, '2021-10-02 22:32:05'),
(518, 2, 3, 'qwrqwrqwrqwrqwr', 1, '2021-10-02 22:32:05'),
(519, 2, 3, 'qwrqwrqwrqwrqwr', 1, '2021-10-02 22:32:05'),
(520, 2, 3, 'qwrqwrqwrqwrqwr', 1, '2021-10-02 22:32:05'),
(521, 2, 3, 'qwrqwrqwrqwrqwr', 1, '2021-10-02 22:32:05'),
(522, 2, 3, 'qwrqwrqwrqwrqwr', 1, '2021-10-02 22:32:05'),
(523, 2, 3, 'qwrqwrqwrqwrqwr', 1, '2021-10-02 22:32:05'),
(524, 2, 3, 'qwrqwrqwrqwrqwr', 1, '2021-10-02 22:32:05'),
(525, 2, 3, 'qwrqwrqwrqwrqwr', 1, '2021-10-02 22:32:05'),
(526, 2, 3, 'qwrqwrqwrqwrqwr', 1, '2021-10-02 22:32:05'),
(527, 2, 3, 'qwrqwrqwrqwrqwr', 1, '2021-10-02 22:32:05'),
(528, 2, 3, 'qwrqwrqwrqwrqwr', 1, '2021-10-02 22:32:05'),
(529, 2, 3, 'qwrqwrqwrqwrqwr', 1, '2021-10-02 22:32:05'),
(530, 2, 3, 'qwrqwrqwrqwrqwr', 1, '2021-10-02 22:32:05'),
(531, 2, 3, 'qwrqwrqwrqwrqwr', 1, '2021-10-02 22:32:05'),
(532, 2, 3, 'qwrqwrqwrqwrqwr', 1, '2021-10-02 22:32:05'),
(533, 2, 3, 'qwrqwrqwrqwrqwr', 1, '2021-10-02 22:32:05'),
(534, 2, 3, 'qwrqwrqwrqwrqwr', 1, '2021-10-02 22:32:05'),
(535, 2, 3, 'qwrqwrqwrqwrqwr', 1, '2021-10-02 22:32:05'),
(536, 2, 3, 'qwrqwrqwrqwrqwr', 1, '2021-10-02 22:32:05'),
(537, 2, 3, 'qwrqwrqwrqwrqwr', 1, '2021-10-02 22:32:05'),
(538, 2, 3, 'qwrqwrqwrqwrqwr', 1, '2021-10-02 22:32:05'),
(539, 2, 3, 'qwrqwrqwrqwrqwr', 1, '2021-10-02 22:32:05'),
(540, 2, 3, 'qwrqwrqwrqwrqwr', 1, '2021-10-02 22:32:05'),
(541, 2, 3, 'qwrqwrqwrqwrqwr', 1, '2021-10-02 22:32:05'),
(542, 2, 3, 'qwrqwrqwrqwrqwr', 1, '2021-10-02 22:32:05'),
(543, 2, 3, 'qwrqwrqwrqwrqwr', 1, '2021-10-02 22:32:05'),
(544, 2, 3, 'qwrqwrqwrqwrqwr', 1, '2021-10-02 22:32:05'),
(545, 2, 3, 'qwrqwrqwrqwrqwr', 1, '2021-10-02 22:32:05'),
(546, 2, 3, 'qwrqwrqwrqwrqwr', 1, '2021-10-02 22:32:05'),
(547, 1, 2, 'qwrqwr qwr qwt qwt qw', 1, '2021-10-02 22:32:05'),
(548, 1, 1, 'qqqqqqqqqqqq', 0, '2021-10-04 22:55:25'),
(549, 2, 2, 'qwrqwrqwrqwrqwr', 0, '2021-10-03 22:32:05'),
(550, 2, 2, 'qwrqwrqwrqwrqwr', 0, '2021-10-03 22:32:05'),
(551, 2, 2, 'qwrqwrqwrqwrqwr', 0, '2021-10-03 22:32:05'),
(552, 2, 2, 'qwrqwrqwrqwrqwr', 0, '2021-10-03 22:32:05'),
(553, 2, 2, 'qwrqwrqwrqwrqwr', 0, '2021-10-03 22:32:05'),
(554, 2, 2, 'qwrqwrqwrqwrqwr', 0, '2021-10-03 22:32:05'),
(555, 2, 2, 'qwrqwrqwrqwrqwr', 0, '2021-10-03 22:32:05'),
(556, 2, 2, 'qwrqwrqwrqwrqwr', 0, '2021-10-03 22:32:05'),
(557, 2, 2, 'qwrqwrqwrqwrqwr', 0, '2021-10-03 22:32:05'),
(558, 2, 2, 'qwrqwrqwrqwrqwr', 0, '2021-10-03 22:32:05'),
(559, 2, 2, 'qwrqwrqwrqwrqwr', 0, '2021-10-03 22:32:05'),
(560, 2, 2, 'qwrqwrqwrqwrqwr', 0, '2021-10-03 22:32:05'),
(561, 2, 2, 'qwrqwrqwrqwrqwr', 0, '2021-10-03 22:32:05'),
(562, 2, 2, 'qwrqwrqwrqwrqwr', 0, '2021-10-03 22:32:05'),
(563, 2, 2, 'qwrqwrqwrqwrqwr', 0, '2021-10-03 22:32:05'),
(564, 2, 2, 'qwrqwrqwrqwrqwr', 0, '2021-10-03 22:32:05'),
(565, 2, 2, 'qwrqwrqwrqwrqwr', 0, '2021-10-03 22:32:05'),
(566, 2, 2, 'qwrqwrqwrqwrqwr', 0, '2021-10-03 22:32:05'),
(567, 2, 2, 'qwrqwrqwrqwrqwr', 0, '2021-10-03 22:32:05'),
(568, 2, 2, 'qwrqwrqwrqwrqwr', 0, '2021-10-03 22:32:05'),
(569, 2, 2, 'qwrqwrqwrqwrqwr', 0, '2021-10-03 22:32:05'),
(570, 2, 2, 'qwrqwrqwrqwrqwr', 0, '2021-10-03 22:32:05'),
(571, 2, 2, 'qwrqwrqwrqwrqwr', 0, '2021-10-03 22:32:05'),
(572, 2, 2, 'qwrqwrqwrqwrqwr', 0, '2021-10-03 22:32:05'),
(573, 2, 2, 'qwrqwrqwrqwrqwr', 0, '2021-10-03 22:32:05'),
(574, 2, 2, 'qwrqwrqwrqwrqwr', 0, '2021-10-03 22:32:05'),
(575, 2, 2, 'qwrqwrqwrqwrqwr', 0, '2021-10-03 22:32:05'),
(576, 2, 2, 'qwrqwrqwrqwrqwr', 0, '2021-10-03 22:32:05'),
(577, 2, 2, 'qwrqwrqwrqwrqwr', 0, '2021-10-03 22:32:05'),
(578, 2, 2, 'qwrqwrqwrqwrqwr', 0, '2021-10-03 22:32:05'),
(579, 2, 2, 'qwrqwrqwrqwrqwr', 0, '2021-10-03 22:32:05'),
(580, 2, 2, 'qwrqwrqwrqwrqwr', 0, '2021-10-03 22:32:05'),
(581, 2, 2, 'qwrqwrqwrqwrqwr', 0, '2021-10-03 22:32:05'),
(582, 2, 2, 'qwrqwrqwrqwrqwr', 0, '2021-10-03 22:32:05'),
(583, 2, 2, 'qwrqwrqwrqwrqwr', 0, '2021-10-03 22:32:05'),
(584, 2, 2, 'qwrqwrqwrqwrqwr', 0, '2021-10-03 22:32:05'),
(585, 2, 2, 'qwrqwrqwrqwrqwr', 0, '2021-10-03 22:32:05'),
(586, 2, 2, 'qwrqwrqwrqwrqwr', 0, '2021-10-03 22:32:05'),
(587, 2, 2, 'qwrqwrqwrqwrqwr', 0, '2021-10-03 22:32:05'),
(588, 2, 2, 'qwrqwrqwrqwrqwr', 0, '2021-10-03 22:32:05'),
(589, 2, 2, 'qwrqwrqwrqwrqwr', 0, '2021-10-03 22:32:05'),
(590, 2, 2, 'qwrqwrqwrqwrqwr', 0, '2021-10-03 22:32:05'),
(591, 2, 2, 'qwrqwrqwrqwrqwr', 0, '2021-10-03 22:32:05'),
(592, 2, 2, 'qwrqwrqwrqwrqwr', 0, '2021-10-03 22:32:05'),
(593, 2, 2, 'qwrqwrqwrqwrqwr', 0, '2021-10-03 22:32:05'),
(594, 2, 2, 'qwrqwrqwrqwrqwr', 0, '2021-10-03 22:32:05'),
(595, 2, 2, 'qwrqwrqwrqwrqwr', 0, '2021-10-03 22:32:05'),
(596, 2, 2, 'qwrqwrqwrqwrqwr', 0, '2021-10-03 22:32:05'),
(597, 2, 2, 'qwrqwrqwrqwrqwr', 0, '2021-10-03 22:32:05'),
(598, 2, 2, 'qwrqwrqwrqwrqwr', 0, '2021-10-03 22:32:05'),
(599, 2, 2, 'qwrqwrqwrqwrqwr', 0, '2021-10-03 22:32:05'),
(600, 2, 2, 'qwrqwrqwrqwrqwr', 0, '2021-10-03 22:32:05'),
(601, 2, 2, 'qwrqwrqwrqwrqwr', 0, '2021-10-03 22:32:05'),
(602, 2, 2, 'qwrqwrqwrqwrqwr', 0, '2021-10-03 22:32:05'),
(603, 2, 2, 'qwrqwrqwrqwrqwr', 0, '2021-10-03 22:32:05'),
(604, 2, 2, 'qwrqwrqwrqwrqwr', 0, '2021-10-03 22:32:05'),
(605, 2, 2, 'qwrqwrqwrqwrqwr', 0, '2021-10-03 22:32:05'),
(606, 2, 2, 'qwrqwrqwrqwrqwr', 0, '2021-10-03 22:32:05'),
(607, 2, 2, 'qwrqwrqwrqwrqwr', 0, '2021-10-03 22:32:05'),
(608, 2, 2, 'qwrqwrqwrqwrqwr', 0, '2021-10-03 22:32:05'),
(609, 2, 2, 'qwrqwrqwrqwrqwr', 0, '2021-10-03 22:32:05'),
(610, 2, 2, 'qwrqwrqwrqwrqwr', 0, '2021-10-03 22:32:05'),
(611, 2, 2, 'qwrqwrqwrqwrqwr', 0, '2021-10-03 22:32:05'),
(612, 2, 2, 'qwrqwrqwrqwrqwr', 0, '2021-10-03 22:32:05'),
(613, 2, 2, 'qwrqwrqwrqwrqwr', 0, '2021-10-03 22:32:05'),
(614, 2, 2, 'qwrqwrqwrqwrqwr', 0, '2021-10-03 22:32:05'),
(615, 2, 2, 'qwrqwrqwrqwrqwr', 0, '2021-10-03 22:32:05'),
(616, 2, 2, 'qwrqwrqwrqwrqwr', 0, '2021-10-03 22:32:05'),
(617, 2, 2, 'qwrqwrqwrqwrqwr', 0, '2021-10-03 22:32:05'),
(618, 2, 2, 'qwrqwrqwrqwrqwr', 0, '2021-10-03 22:32:05'),
(619, 2, 2, 'qwrqwrqwrqwrqwr', 0, '2021-10-03 22:32:05'),
(620, 2, 2, 'qwrqwrqwrqwrqwr', 0, '2021-10-03 22:32:05'),
(621, 2, 2, 'qwrqwrqwrqwrqwr', 0, '2021-10-03 22:32:05'),
(622, 2, 2, 'qwrqwrqwrqwrqwr', 0, '2021-10-03 22:32:05'),
(623, 2, 2, 'qwrqwrqwrqwrqwr', 0, '2021-10-03 22:32:05'),
(624, 2, 2, 'qwrqwrqwrqwrqwr', 0, '2021-10-03 22:32:05'),
(625, 2, 2, 'qwrqwrqwrqwrqwr', 0, '2021-10-03 22:32:05'),
(626, 2, 2, 'qwrqwrqwrqwrqwr', 0, '2021-10-03 22:32:05'),
(627, 2, 2, 'qwrqwrqwrqwrqwr', 0, '2021-10-03 22:32:05'),
(628, 2, 2, 'qwrqwrqwrqwrqwr', 0, '2021-10-03 22:32:05'),
(629, 2, 2, 'qwrqwrqwrqwrqwr', 0, '2021-10-03 22:32:05'),
(630, 2, 2, 'qwrqwrqwrqwrqwr', 0, '2021-10-03 22:32:05'),
(631, 2, 2, 'qwrqwrqwrqwrqwr', 0, '2021-10-03 22:32:05'),
(632, 2, 2, 'qwrqwrqwrqwrqwr', 0, '2021-10-03 22:32:05'),
(633, 2, 2, 'qwrqwrqwrqwrqwr', 0, '2021-10-03 22:32:05'),
(634, 2, 2, 'qwrqwrqwrqwrqwr', 0, '2021-10-03 22:32:05'),
(635, 2, 2, 'qwrqwrqwrqwrqwr', 0, '2021-10-03 22:32:05'),
(636, 2, 2, 'qwrqwrqwrqwrqwr', 0, '2021-10-03 22:32:05'),
(637, 2, 2, 'qwrqwrqwrqwrqwr', 0, '2021-10-03 22:32:05'),
(638, 2, 2, 'qwrqwrqwrqwrqwr', 0, '2021-10-03 22:32:05'),
(639, 2, 2, 'qwrqwrqwrqwrqwr', 0, '2021-10-03 22:32:05'),
(640, 2, 2, 'qwrqwrqwrqwrqwr', 0, '2021-10-03 22:32:05'),
(641, 2, 2, 'qwrqwrqwrqwrqwr', 0, '2021-10-03 22:32:05'),
(642, 2, 2, 'qwrqwrqwrqwrqwr', 0, '2021-10-03 22:32:05'),
(643, 2, 2, 'qwrqwrqwrqwrqwr', 0, '2021-10-03 22:32:05'),
(644, 2, 2, 'qwrqwrqwrqwrqwr', 0, '2021-10-03 22:32:05'),
(645, 2, 2, 'qwrqwrqwrqwrqwr', 0, '2021-10-03 22:32:05'),
(646, 2, 2, 'qwrqwrqwrqwrqwr', 0, '2021-10-03 22:32:05'),
(647, 2, 2, 'qwrqwrqwrqwrqwr', 0, '2021-10-03 22:32:05'),
(648, 2, 2, 'qwrqwrqwrqwrqwr', 0, '2021-10-03 22:32:05'),
(649, 2, 2, 'qwrqwrqwrqwrqwr', 0, '2021-10-03 22:32:05'),
(650, 2, 2, 'qwrqwrqwrqwrqwr', 0, '2021-10-03 22:32:05'),
(651, 2, 2, 'qwrqwrqwrqwrqwr', 0, '2021-10-03 22:32:05'),
(652, 2, 2, 'qwrqwrqwrqwrqwr', 0, '2021-10-03 22:32:05'),
(653, 2, 2, 'qwrqwrqwrqwrqwr', 0, '2021-10-03 22:32:05'),
(654, 2, 2, 'qwrqwrqwrqwrqwr', 0, '2021-10-03 22:32:05'),
(655, 2, 2, 'qwrqwrqwrqwrqwr', 0, '2021-10-03 22:32:05'),
(656, 2, 2, 'qwrqwrqwrqwrqwr', 0, '2021-10-03 22:32:05'),
(657, 2, 2, 'qwrqwrqwrqwrqwr', 0, '2021-10-03 22:32:05'),
(658, 2, 2, 'qwrqwrqwrqwrqwr', 0, '2021-10-03 22:32:05'),
(659, 2, 2, 'qwrqwrqwrqwrqwr', 0, '2021-10-03 22:32:05'),
(660, 2, 2, 'qwrqwrqwrqwrqwr', 0, '2021-10-03 22:32:05'),
(661, 2, 2, 'qwrqwrqwrqwrqwr', 0, '2021-10-03 22:32:05'),
(662, 2, 2, 'qwrqwrqwrqwrqwr', 0, '2021-10-03 22:32:05'),
(663, 2, 2, 'qwrqwrqwrqwrqwr', 0, '2021-10-03 22:32:05'),
(664, 2, 2, 'qwrqwrqwrqwrqwr', 0, '2021-10-03 22:32:05'),
(665, 2, 2, 'qwrqwrqwrqwrqwr', 0, '2021-10-03 22:32:05'),
(666, 2, 2, 'qwrqwrqwrqwrqwr', 0, '2021-10-03 22:32:05'),
(667, 2, 2, 'qwrqwrqwrqwrqwr', 0, '2021-10-03 22:32:05'),
(668, 2, 2, 'qwrqwrqwrqwrqwr', 0, '2021-10-03 22:32:05'),
(669, 2, 2, 'qwrqwrqwrqwrqwr', 0, '2021-10-03 22:32:05'),
(670, 2, 2, 'qwrqwrqwrqwrqwr', 0, '2021-10-03 22:32:05'),
(671, 2, 2, 'qwrqwrqwrqwrqwr', 0, '2021-10-03 22:32:05'),
(672, 2, 2, 'qwrqwrqwrqwrqwr', 0, '2021-10-03 22:32:05'),
(673, 2, 2, 'qwrqwrqwrqwrqwr', 0, '2021-10-03 22:32:05'),
(674, 2, 2, 'qwrqwrqwrqwrqwr', 0, '2021-10-03 22:32:05'),
(675, 2, 2, 'qwrqwrqwrqwrqwr', 0, '2021-10-03 22:32:05'),
(676, 2, 2, 'qwrqwrqwrqwrqwr', 0, '2021-10-03 22:32:05'),
(677, 2, 2, 'qwrqwrqwrqwrqwr', 0, '2021-10-03 22:32:05'),
(678, 2, 2, 'qwrqwrqwrqwrqwr', 0, '2021-10-03 22:32:05'),
(679, 2, 2, 'qwrqwrqwrqwrqwr', 0, '2021-10-03 22:32:05'),
(680, 2, 2, 'qwrqwrqwrqwrqwr', 0, '2021-10-03 22:32:05'),
(681, 2, 2, 'qwrqwrqwrqwrqwr', 0, '2021-10-03 22:32:05'),
(682, 2, 2, 'qwrqwrqwrqwrqwr', 0, '2021-10-03 22:32:05'),
(683, 2, 2, 'qwrqwrqwrqwrqwr', 0, '2021-10-03 22:32:05'),
(684, 2, 2, 'qwrqwrqwrqwrqwr', 0, '2021-10-03 22:32:05'),
(685, 2, 2, 'qwrqwrqwrqwrqwr', 0, '2021-10-03 22:32:05'),
(686, 2, 2, 'qwrqwrqwrqwrqwr', 0, '2021-10-03 22:32:05'),
(687, 2, 2, 'qwrqwrqwrqwrqwr', 0, '2021-10-03 22:32:05'),
(688, 2, 2, 'qwrqwrqwrqwrqwr', 0, '2021-10-03 22:32:05'),
(689, 2, 2, 'qwrqwrqwrqwrqwr', 0, '2021-10-03 22:32:05'),
(690, 2, 2, 'qwrqwrqwrqwrqwr', 0, '2021-10-03 22:32:05'),
(691, 2, 2, 'qwrqwrqwrqwrqwr', 0, '2021-10-03 22:32:05'),
(692, 2, 2, 'qwrqwrqwrqwrqwr', 0, '2021-10-03 22:32:05'),
(693, 2, 2, 'qwrqwrqwrqwrqwr', 0, '2021-10-03 22:32:05'),
(694, 2, 2, 'qwrqwrqwrqwrqwr', 0, '2021-10-03 22:32:05'),
(695, 2, 2, 'qwrqwrqwrqwrqwr', 0, '2021-10-03 22:32:05'),
(696, 2, 2, 'qwrqwrqwrqwrqwr', 0, '2021-10-03 22:32:05'),
(697, 2, 2, 'qwrqwrqwrqwrqwr', 0, '2021-10-03 22:32:05'),
(698, 2, 2, 'qwrqwrqwrqwrqwr', 0, '2021-10-03 22:32:05'),
(699, 2, 2, 'qwrqwrqwrqwrqwr', 0, '2021-10-03 22:32:05'),
(700, 2, 2, 'qwrqwrqwrqwrqwr', 0, '2021-10-03 22:32:05'),
(701, 2, 2, 'qwrqwrqwrqwrqwr', 0, '2021-10-03 22:32:05'),
(702, 2, 2, 'qwrqwrqwrqwrqwr', 1, '2021-10-03 22:32:05'),
(703, 2, 2, 'qwrqwrqwrqwrqwr', 1, '2021-10-03 22:32:05'),
(704, 2, 2, 'qwrqwrqwrqwrqwr', 1, '2021-10-03 22:32:05'),
(705, 2, 2, 'qwrqwrqwrqwrqwr', 1, '2021-10-03 22:32:05'),
(706, 2, 2, 'qwrqwrqwrqwrqwr', 1, '2021-10-03 22:32:05'),
(707, 2, 2, 'qwrqwrqwrqwrqwr', 1, '2021-10-03 22:32:05'),
(708, 2, 2, 'qwrqwrqwrqwrqwr', 1, '2021-10-03 22:32:05'),
(709, 2, 2, 'qwrqwrqwrqwrqwr', 1, '2021-10-03 22:32:05'),
(710, 2, 2, 'qwrqwrqwrqwrqwr', 1, '2021-10-03 22:32:05'),
(711, 2, 2, 'qwrqwrqwrqwrqwr', 1, '2021-10-03 22:32:05'),
(712, 2, 2, 'qwrqwrqwrqwrqwr', 1, '2021-10-03 22:32:05'),
(713, 2, 2, 'qwrqwrqwrqwrqwr', 1, '2021-10-03 22:32:05'),
(714, 2, 2, 'qwrqwrqwrqwrqwr', 1, '2021-10-03 22:32:05'),
(715, 2, 2, 'qwrqwrqwrqwrqwr', 1, '2021-10-03 22:32:05'),
(716, 2, 2, 'qwrqwrqwrqwrqwr', 1, '2021-10-03 22:32:05'),
(717, 2, 2, 'qwrqwrqwrqwrqwr', 1, '2021-10-03 22:32:05'),
(718, 2, 2, 'qwrqwrqwrqwrqwr', 1, '2021-10-03 22:32:05'),
(719, 2, 2, 'qwrqwrqwrqwrqwr', 1, '2021-10-03 22:32:05'),
(720, 2, 2, 'qwrqwrqwrqwrqwr', 1, '2021-10-03 22:32:05'),
(721, 2, 2, 'qwrqwrqwrqwrqwr', 1, '2021-10-03 22:32:05'),
(722, 2, 2, 'qwrqwrqwrqwrqwr', 1, '2021-10-03 22:32:05'),
(723, 2, 2, 'qwrqwrqwrqwrqwr', 1, '2021-10-03 22:32:05'),
(724, 2, 2, 'qwrqwrqwrqwrqwr', 1, '2021-10-03 22:32:05'),
(725, 2, 2, 'qwrqwrqwrqwrqwr', 1, '2021-10-03 22:32:05'),
(726, 2, 2, 'qwrqwrqwrqwrqwr', 1, '2021-10-03 22:32:05'),
(727, 2, 2, 'qwrqwrqwrqwrqwr', 1, '2021-10-03 22:32:05'),
(728, 2, 2, 'qwrqwrqwrqwrqwr', 1, '2021-10-03 22:32:05'),
(729, 2, 2, 'qwrqwrqwrqwrqwr', 1, '2021-10-03 22:32:05'),
(730, 2, 2, 'qwrqwrqwrqwrqwr', 1, '2021-10-03 22:32:05'),
(731, 2, 2, 'qwrqwrqwrqwrqwr', 1, '2021-10-03 22:32:05'),
(732, 2, 2, 'qwrqwrqwrqwrqwr', 1, '2021-10-03 22:32:05'),
(733, 2, 2, 'qwrqwrqwrqwrqwr', 1, '2021-10-03 22:32:05'),
(734, 2, 2, 'qwrqwrqwrqwrqwr', 1, '2021-10-03 22:32:05'),
(735, 2, 2, 'qwrqwrqwrqwrqwr', 1, '2021-10-03 22:32:05'),
(736, 2, 2, 'qwrqwrqwrqwrqwr', 1, '2021-10-03 22:32:05'),
(737, 2, 2, 'qwrqwrqwrqwrqwr', 1, '2021-10-03 22:32:05'),
(738, 2, 2, 'qwrqwrqwrqwrqwr', 1, '2021-10-03 22:32:05'),
(739, 2, 2, 'qwrqwrqwrqwrqwr', 1, '2021-10-03 22:32:05'),
(740, 2, 2, 'qwrqwrqwrqwrqwr', 1, '2021-10-03 22:32:05'),
(741, 2, 2, 'qwrqwrqwrqwrqwr', 1, '2021-10-03 22:32:05'),
(742, 2, 2, 'qwrqwrqwrqwrqwr', 1, '2021-10-03 22:32:05'),
(743, 2, 2, 'qwrqwrqwrqwrqwr', 1, '2021-10-03 22:32:05'),
(744, 2, 2, 'qwrqwrqwrqwrqwr', 1, '2021-10-03 22:32:05'),
(745, 2, 2, 'qwrqwrqwrqwrqwr', 1, '2021-10-03 22:32:05'),
(746, 2, 2, 'qwrqwrqwrqwrqwr', 1, '2021-10-03 22:32:05'),
(747, 2, 2, 'qwrqwrqwrqwrqwr', 1, '2021-10-03 22:32:05'),
(748, 2, 2, 'qwrqwrqwrqwrqwr', 1, '2021-10-03 22:32:05'),
(749, 2, 2, 'qwrqwrqwrqwrqwr', 1, '2021-10-03 22:32:05'),
(750, 2, 2, 'qwrqwrqwrqwrqwr', 1, '2021-10-03 22:32:05'),
(751, 2, 2, 'qwrqwrqwrqwrqwr', 1, '2021-10-03 22:32:05'),
(752, 2, 2, 'qwrqwrqwrqwrqwr', 1, '2021-10-03 22:32:05'),
(753, 2, 2, 'qwrqwrqwrqwrqwr', 1, '2021-10-03 22:32:05'),
(754, 2, 2, 'qwrqwrqwrqwrqwr', 1, '2021-10-03 22:32:05'),
(755, 2, 2, 'qwrqwrqwrqwrqwr', 1, '2021-10-03 22:32:05'),
(756, 2, 2, 'qwrqwrqwrqwrqwr', 1, '2021-10-03 22:32:05'),
(757, 2, 2, 'qwrqwrqwrqwrqwr', 1, '2021-10-03 22:32:05'),
(758, 2, 2, 'qwrqwrqwrqwrqwr', 1, '2021-10-03 22:32:05'),
(759, 2, 2, 'qwrqwrqwrqwrqwr', 1, '2021-10-03 22:32:05'),
(760, 2, 2, 'qwrqwrqwrqwrqwr', 1, '2021-10-03 22:32:05'),
(761, 2, 2, 'qwrqwrqwrqwrqwr', 1, '2021-10-03 22:32:05'),
(762, 2, 2, 'qwrqwrqwrqwrqwr', 1, '2021-10-03 22:32:05'),
(763, 2, 2, 'qwrqwrqwrqwrqwr', 1, '2021-10-03 22:32:05'),
(764, 2, 2, 'qwrqwrqwrqwrqwr', 1, '2021-10-03 22:32:05'),
(765, 2, 2, 'qwrqwrqwrqwrqwr', 1, '2021-10-03 22:32:05'),
(766, 2, 2, 'qwrqwrqwrqwrqwr', 1, '2021-10-03 22:32:05'),
(767, 2, 2, 'qwrqwrqwrqwrqwr', 1, '2021-10-03 22:32:05'),
(768, 2, 2, 'qwrqwrqwrqwrqwr', 1, '2021-10-03 22:32:05'),
(769, 2, 2, 'qwrqwrqwrqwrqwr', 1, '2021-10-03 22:32:05'),
(770, 2, 2, 'qwrqwrqwrqwrqwr', 1, '2021-10-03 22:32:05'),
(771, 2, 2, 'qwrqwrqwrqwrqwr', 1, '2021-10-03 22:32:05'),
(772, 2, 2, 'qwrqwrqwrqwrqwr', 1, '2021-10-03 22:32:05'),
(773, 2, 2, 'qwrqwrqwrqwrqwr', 1, '2021-10-03 22:32:05'),
(774, 2, 2, 'qwrqwrqwrqwrqwr', 1, '2021-10-03 22:32:05'),
(775, 2, 2, 'qwrqwrqwrqwrqwr', 1, '2021-10-03 22:32:05'),
(776, 2, 2, 'qwrqwrqwrqwrqwr', 1, '2021-10-03 22:32:05'),
(777, 2, 2, 'qwrqwrqwrqwrqwr', 1, '2021-10-03 22:32:05'),
(778, 2, 2, 'qwrqwrqwrqwrqwr', 1, '2021-10-03 22:32:05'),
(779, 2, 2, 'qwrqwrqwrqwrqwr', 1, '2021-10-03 22:32:05'),
(780, 2, 2, 'qwrqwrqwrqwrqwr', 1, '2021-10-03 22:32:05'),
(781, 2, 2, 'qwrqwrqwrqwrqwr', 1, '2021-10-03 22:32:05'),
(782, 2, 2, 'qwrqwrqwrqwrqwr', 1, '2021-10-03 22:32:05'),
(783, 2, 2, 'qwrqwrqwrqwrqwr', 1, '2021-10-03 22:32:05'),
(784, 2, 2, 'qwrqwrqwrqwrqwr', 1, '2021-10-03 22:32:05'),
(785, 2, 2, 'qwrqwrqwrqwrqwr', 1, '2021-10-03 22:32:05'),
(786, 2, 2, 'qwrqwrqwrqwrqwr', 1, '2021-10-03 22:32:05'),
(787, 2, 2, 'qwrqwrqwrqwrqwr', 1, '2021-10-03 22:32:05'),
(788, 2, 2, 'qwrqwrqwrqwrqwr', 1, '2021-10-03 22:32:05'),
(789, 2, 2, 'qwrqwrqwrqwrqwr', 1, '2021-10-03 22:32:05'),
(790, 2, 2, 'qwrqwrqwrqwrqwr', 1, '2021-10-03 22:32:05'),
(791, 2, 2, 'qwrqwrqwrqwrqwr', 1, '2021-10-03 22:32:05'),
(792, 2, 2, 'qwrqwrqwrqwrqwr', 1, '2021-10-03 22:32:05'),
(793, 2, 2, 'qwrqwrqwrqwrqwr', 1, '2021-10-03 22:32:05'),
(794, 2, 2, 'qwrqwrqwrqwrqwr', 1, '2021-10-03 22:32:05'),
(795, 2, 2, 'qwrqwrqwrqwrqwr', 1, '2021-10-03 22:32:05'),
(796, 2, 2, 'qwrqwrqwrqwrqwr', 1, '2021-10-03 22:32:05'),
(797, 2, 2, 'qwrqwrqwrqwrqwr', 1, '2021-10-03 22:32:05'),
(798, 2, 2, 'qwrqwrqwrqwrqwr', 1, '2021-10-03 22:32:05'),
(799, 2, 2, 'qwrqwrqwrqwrqwr', 1, '2021-10-03 22:32:05'),
(800, 2, 2, 'qwrqwrqwrqwrqwr', 1, '2021-10-03 22:32:05'),
(801, 2, 2, 'qwrqwrqwrqwrqwr', 1, '2021-10-03 22:32:05'),
(802, 2, 2, 'qwrqwrqwrqwrqwr', 1, '2021-10-03 22:32:05'),
(803, 2, 2, 'qwrqwrqwrqwrqwr', 1, '2021-10-03 22:32:05'),
(804, 2, 2, 'qwrqwrqwrqwrqwr', 1, '2021-10-03 22:32:05'),
(805, 2, 2, 'qwrqwrqwrqwrqwr', 1, '2021-10-03 22:32:05'),
(806, 2, 2, 'qwrqwrqwrqwrqwr', 1, '2021-10-03 22:32:05'),
(807, 2, 2, 'qwrqwrqwrqwrqwr', 1, '2021-10-03 22:32:05'),
(808, 2, 2, 'qwrqwrqwrqwrqwr', 1, '2021-10-03 22:32:05'),
(809, 2, 2, 'qwrqwrqwrqwrqwr', 1, '2021-10-03 22:32:05'),
(810, 2, 2, 'qwrqwrqwrqwrqwr', 1, '2021-10-03 22:32:05'),
(811, 2, 2, 'qwrqwrqwrqwrqwr', 1, '2021-10-03 22:32:05'),
(812, 2, 2, 'qwrqwrqwrqwrqwr', 1, '2021-10-03 22:32:05'),
(813, 2, 2, 'qwrqwrqwrqwrqwr', 1, '2021-10-03 22:32:05'),
(814, 2, 2, 'qwrqwrqwrqwrqwr', 1, '2021-10-03 22:32:05'),
(815, 2, 2, 'qwrqwrqwrqwrqwr', 1, '2021-10-03 22:32:05'),
(816, 2, 2, 'qwrqwrqwrqwrqwr', 1, '2021-10-03 22:32:05'),
(817, 2, 2, 'qwrqwrqwrqwrqwr', 1, '2021-10-03 22:32:05'),
(818, 2, 2, 'qwrqwrqwrqwrqwr', 1, '2021-10-03 22:32:05'),
(819, 2, 2, 'qwrqwrqwrqwrqwr', 1, '2021-10-03 22:32:05'),
(820, 2, 2, 'qwrqwrqwrqwrqwr', 1, '2021-10-03 22:32:05'),
(821, 2, 2, 'qwrqwrqwrqwrqwr', 1, '2021-10-03 22:32:05'),
(822, 2, 2, 'qwrqwrqwrqwrqwr', 1, '2021-10-03 22:32:05'),
(823, 2, 2, 'qwrqwrqwrqwrqwr', 1, '2021-10-03 22:32:05'),
(824, 2, 2, 'qwrqwrqwrqwrqwr', 1, '2021-10-03 22:32:05'),
(825, 2, 2, 'qwrqwrqwrqwrqwr', 1, '2021-10-03 22:32:05'),
(826, 2, 2, 'qwrqwrqwrqwrqwr', 1, '2021-10-03 22:32:05'),
(827, 2, 2, 'qwrqwrqwrqwrqwr', 1, '2021-10-03 22:32:05'),
(828, 2, 2, 'qwrqwrqwrqwrqwr', 1, '2021-10-03 22:32:05'),
(829, 2, 2, 'qwrqwrqwrqwrqwr', 1, '2021-10-03 22:32:05'),
(830, 2, 2, 'qwrqwrqwrqwrqwr', 1, '2021-10-03 22:32:05'),
(831, 2, 2, 'qwrqwrqwrqwrqwr', 1, '2021-10-03 22:32:05'),
(832, 2, 2, 'qwrqwrqwrqwrqwr', 1, '2021-10-03 22:32:05'),
(833, 2, 2, 'qwrqwrqwrqwrqwr', 1, '2021-10-03 22:32:05'),
(834, 2, 2, 'qwrqwrqwrqwrqwr', 1, '2021-10-03 22:32:05'),
(835, 2, 2, 'qwrqwrqwrqwrqwr', 1, '2021-10-03 22:32:05'),
(836, 2, 2, 'qwrqwrqwrqwrqwr', 1, '2021-10-03 22:32:05'),
(837, 2, 2, 'qwrqwrqwrqwrqwr', 1, '2021-10-03 22:32:05'),
(838, 2, 2, 'qwrqwrqwrqwrqwr', 1, '2021-10-03 22:32:05'),
(839, 2, 2, 'qwrqwrqwrqwrqwr', 1, '2021-10-03 22:32:05'),
(840, 2, 2, 'qwrqwrqwrqwrqwr', 1, '2021-10-03 22:32:05'),
(841, 2, 2, 'qwrqwrqwrqwrqwr', 1, '2021-10-03 22:32:05'),
(842, 2, 2, 'qwrqwrqwrqwrqwr', 1, '2021-10-03 22:32:05'),
(843, 2, 2, 'qwrqwrqwrqwrqwr', 1, '2021-10-03 22:32:05'),
(844, 2, 2, 'qwrqwrqwrqwrqwr', 1, '2021-10-03 22:32:05'),
(845, 2, 2, 'qwrqwrqwrqwrqwr', 1, '2021-10-03 22:32:05'),
(846, 2, 2, 'qwrqwrqwrqwrqwr', 1, '2021-10-03 22:32:05'),
(847, 2, 2, 'qwrqwrqwrqwrqwr', 1, '2021-10-03 22:32:05'),
(848, 2, 2, 'qwrqwrqwrqwrqwr', 1, '2021-10-03 22:32:05'),
(849, 2, 2, 'qwrqwrqwrqwrqwr', 1, '2021-10-03 22:32:05'),
(850, 2, 2, 'qwrqwrqwrqwrqwr', 1, '2021-10-03 22:32:05'),
(851, 2, 2, 'qwrqwrqwrqwrqwr', 1, '2021-10-03 22:32:05'),
(852, 2, 2, 'qwrqwrqwrqwrqwr', 1, '2021-10-03 22:32:05'),
(853, 2, 2, 'qwrqwrqwrqwrqwr', 1, '2021-10-03 22:32:05'),
(854, 2, 2, 'qwrqwrqwrqwrqwr', 1, '2021-10-03 22:32:05'),
(855, 2, 2, 'qwrqwrqwrqwrqwr', 1, '2021-10-03 22:32:05'),
(856, 2, 2, 'qwrqwrqwrqwrqwr', 1, '2021-10-03 22:32:05'),
(857, 2, 2, 'qwrqwrqwrqwrqwr', 1, '2021-10-03 22:32:05'),
(858, 2, 2, 'qwrqwrqwrqwrqwr', 1, '2021-10-03 22:32:05'),
(859, 2, 2, 'qwrqwrqwrqwrqwr', 1, '2021-10-03 22:32:05'),
(860, 2, 2, 'qwrqwrqwrqwrqwr', 1, '2021-10-03 22:32:05'),
(861, 2, 2, 'qwrqwrqwrqwrqwr', 1, '2021-10-03 22:32:05'),
(862, 2, 2, 'qwrqwrqwrqwrqwr', 1, '2021-10-03 22:32:05'),
(863, 2, 2, 'qwrqwrqwrqwrqwr', 1, '2021-10-03 22:32:05'),
(864, 2, 2, 'qwrqwrqwrqwrqwr', 1, '2021-10-03 22:32:05'),
(865, 2, 2, 'qwrqwrqwrqwrqwr', 1, '2021-10-03 22:32:05'),
(866, 2, 2, 'qwrqwrqwrqwrqwr', 1, '2021-10-03 22:32:05'),
(867, 2, 2, 'qwrqwrqwrqwrqwr', 1, '2021-10-03 22:32:05'),
(868, 2, 2, 'qwrqwrqwrqwrqwr', 1, '2021-10-03 22:32:05');
INSERT INTO `send_log` (`log_id`, `usr_id`, `num_id`, `log_message`, `log_success`, `log_created`) VALUES
(869, 2, 2, 'qwrqwrqwrqwrqwr', 1, '2021-10-03 22:32:05'),
(870, 2, 2, 'qwrqwrqwrqwrqwr', 1, '2021-10-03 22:32:05'),
(871, 2, 2, 'qwrqwrqwrqwrqwr', 1, '2021-10-03 22:32:05'),
(872, 2, 2, 'qwrqwrqwrqwrqwr', 1, '2021-10-03 22:32:05'),
(873, 2, 2, 'qwrqwrqwrqwrqwr', 1, '2021-10-03 22:32:05'),
(874, 2, 2, 'qwrqwrqwrqwrqwr', 1, '2021-10-03 22:32:05'),
(875, 2, 2, 'qwrqwrqwrqwrqwr', 1, '2021-10-03 22:32:05'),
(876, 2, 2, 'qwrqwrqwrqwrqwr', 1, '2021-10-03 22:32:05'),
(877, 2, 2, 'qwrqwrqwrqwrqwr', 1, '2021-10-03 22:32:05'),
(878, 2, 2, 'qwrqwrqwrqwrqwr', 1, '2021-10-03 22:32:05'),
(879, 2, 2, 'qwrqwrqwrqwrqwr', 1, '2021-10-03 22:32:05'),
(880, 2, 2, 'qwrqwrqwrqwrqwr', 1, '2021-10-03 22:32:05'),
(881, 2, 2, 'qwrqwrqwrqwrqwr', 1, '2021-10-03 22:32:05'),
(882, 2, 2, 'qwrqwrqwrqwrqwr', 1, '2021-10-03 22:32:05'),
(883, 2, 2, 'qwrqwrqwrqwrqwr', 1, '2021-10-03 22:32:05'),
(884, 2, 2, 'qwrqwrqwrqwrqwr', 1, '2021-10-03 22:32:05'),
(885, 2, 2, 'qwrqwrqwrqwrqwr', 1, '2021-10-03 22:32:05'),
(886, 2, 2, 'qwrqwrqwrqwrqwr', 1, '2021-10-03 22:32:05'),
(887, 2, 2, 'qwrqwrqwrqwrqwr', 1, '2021-10-03 22:32:05'),
(888, 2, 2, 'qwrqwrqwrqwrqwr', 1, '2021-10-03 22:32:05'),
(889, 2, 2, 'qwrqwrqwrqwrqwr', 1, '2021-10-03 22:32:05'),
(890, 2, 2, 'qwrqwrqwrqwrqwr', 1, '2021-10-03 22:32:05'),
(891, 2, 2, 'qwrqwrqwrqwrqwr', 1, '2021-10-03 22:32:05'),
(892, 2, 2, 'qwrqwrqwrqwrqwr', 1, '2021-10-03 22:32:05'),
(893, 2, 2, 'qwrqwrqwrqwrqwr', 1, '2021-10-03 22:32:05'),
(894, 2, 2, 'qwrqwrqwrqwrqwr', 1, '2021-10-03 22:32:05'),
(895, 2, 2, 'qwrqwrqwrqwrqwr', 1, '2021-10-03 22:32:05'),
(896, 2, 2, 'qwrqwrqwrqwrqwr', 1, '2021-10-03 22:32:05'),
(897, 2, 2, 'qwrqwrqwrqwrqwr', 1, '2021-10-03 22:32:05'),
(898, 2, 2, 'qwrqwrqwrqwrqwr', 1, '2021-10-03 22:32:05'),
(899, 2, 2, 'qwrqwrqwrqwrqwr', 1, '2021-10-03 22:32:05'),
(900, 2, 2, 'qwrqwrqwrqwrqwr', 1, '2021-10-03 22:32:05'),
(901, 2, 2, 'qwrqwrqwrqwrqwr', 1, '2021-10-03 22:32:05'),
(902, 1, 1, 'qqqqqqqqqqqq', 0, '2021-10-03 22:32:05'),
(903, 1, 1, 'qqqrwq rrrrrrrrrrrrrrr', 0, '2021-10-04 22:57:04'),
(904, 2, 2, 'qwrqwrqwrqwrqwr', 0, '2021-10-05 22:32:05'),
(905, 2, 2, 'qwrqwrqwrqwrqwr', 0, '2021-10-05 22:32:05'),
(906, 2, 2, 'qwrqwrqwrqwrqwr', 0, '2021-10-05 22:32:05'),
(907, 2, 2, 'qwrqwrqwrqwrqwr', 0, '2021-10-05 22:32:05'),
(908, 2, 2, 'qwrqwrqwrqwrqwr', 0, '2021-10-05 22:32:05'),
(909, 2, 2, 'qwrqwrqwrqwrqwr', 0, '2021-10-05 22:32:05'),
(910, 2, 2, 'qwrqwrqwrqwrqwr', 0, '2021-10-05 22:32:05'),
(911, 2, 2, 'qwrqwrqwrqwrqwr', 0, '2021-10-05 22:32:05'),
(912, 2, 2, 'qwrqwrqwrqwrqwr', 0, '2021-10-05 22:32:05'),
(913, 2, 2, 'qwrqwrqwrqwrqwr', 0, '2021-10-05 22:32:05'),
(914, 2, 2, 'qwrqwrqwrqwrqwr', 0, '2021-10-05 22:32:05'),
(915, 2, 2, 'qwrqwrqwrqwrqwr', 0, '2021-10-05 22:32:05'),
(916, 2, 2, 'qwrqwrqwrqwrqwr', 0, '2021-10-05 22:32:05'),
(917, 2, 2, 'qwrqwrqwrqwrqwr', 0, '2021-10-05 22:32:05'),
(918, 2, 2, 'qwrqwrqwrqwrqwr', 0, '2021-10-05 22:32:05'),
(919, 2, 2, 'qwrqwrqwrqwrqwr', 0, '2021-10-05 22:32:05'),
(920, 2, 2, 'qwrqwrqwrqwrqwr', 0, '2021-10-05 22:32:05'),
(921, 2, 2, 'qwrqwrqwrqwrqwr', 0, '2021-10-05 22:32:05'),
(922, 2, 2, 'qwrqwrqwrqwrqwr', 0, '2021-10-05 22:32:05'),
(923, 2, 2, 'qwrqwrqwrqwrqwr', 0, '2021-10-05 22:32:05'),
(924, 2, 2, 'qwrqwrqwrqwrqwr', 0, '2021-10-05 22:32:05'),
(925, 2, 2, 'qwrqwrqwrqwrqwr', 0, '2021-10-05 22:32:05'),
(926, 2, 2, 'qwrqwrqwrqwrqwr', 0, '2021-10-05 22:32:05'),
(927, 2, 2, 'qwrqwrqwrqwrqwr', 0, '2021-10-05 22:32:05'),
(928, 2, 2, 'qwrqwrqwrqwrqwr', 0, '2021-10-05 22:32:05'),
(929, 2, 2, 'qwrqwrqwrqwrqwr', 0, '2021-10-05 22:32:05'),
(930, 2, 2, 'qwrqwrqwrqwrqwr', 0, '2021-10-05 22:32:05'),
(931, 2, 2, 'qwrqwrqwrqwrqwr', 0, '2021-10-05 22:32:05'),
(932, 2, 2, 'qwrqwrqwrqwrqwr', 0, '2021-10-05 22:32:05'),
(933, 2, 2, 'qwrqwrqwrqwrqwr', 0, '2021-10-05 22:32:05'),
(934, 2, 2, 'qwrqwrqwrqwrqwr', 0, '2021-10-05 22:32:05'),
(935, 2, 2, 'qwrqwrqwrqwrqwr', 0, '2021-10-05 22:32:05'),
(936, 2, 2, 'qwrqwrqwrqwrqwr', 0, '2021-10-05 22:32:05'),
(937, 2, 2, 'qwrqwrqwrqwrqwr', 0, '2021-10-05 22:32:05'),
(938, 2, 2, 'qwrqwrqwrqwrqwr', 0, '2021-10-05 22:32:05'),
(939, 2, 2, 'qwrqwrqwrqwrqwr', 0, '2021-10-05 22:32:05'),
(940, 2, 2, 'qwrqwrqwrqwrqwr', 0, '2021-10-05 22:32:05'),
(941, 2, 2, 'qwrqwrqwrqwrqwr', 0, '2021-10-05 22:32:05'),
(942, 2, 2, 'qwrqwrqwrqwrqwr', 0, '2021-10-05 22:32:05'),
(943, 2, 2, 'qwrqwrqwrqwrqwr', 0, '2021-10-05 22:32:05'),
(944, 2, 2, 'qwrqwrqwrqwrqwr', 0, '2021-10-05 22:32:05'),
(945, 2, 2, 'qwrqwrqwrqwrqwr', 0, '2021-10-05 22:32:05'),
(946, 2, 2, 'qwrqwrqwrqwrqwr', 0, '2021-10-05 22:32:05'),
(947, 2, 2, 'qwrqwrqwrqwrqwr', 0, '2021-10-05 22:32:05'),
(948, 2, 2, 'qwrqwrqwrqwrqwr', 0, '2021-10-05 22:32:05'),
(949, 2, 2, 'qwrqwrqwrqwrqwr', 0, '2021-10-05 22:32:05'),
(950, 2, 2, 'qwrqwrqwrqwrqwr', 0, '2021-10-05 22:32:05'),
(951, 2, 2, 'qwrqwrqwrqwrqwr', 0, '2021-10-05 22:32:05'),
(952, 1, 1, 'qqqrwq rrrrrrrrrrrrrrr', 0, '2021-10-05 22:32:05'),
(953, 2, 2, 'qwrqwrqwrqwrqwr', 0, '2021-10-05 22:32:05'),
(954, 2, 2, 'qwrqwrqwrqwrqwr', 0, '2021-10-05 22:32:05'),
(955, 2, 2, 'qwrqwrqwrqwrqwr', 0, '2021-10-05 22:32:05'),
(956, 2, 2, 'qwrqwrqwrqwrqwr', 0, '2021-10-05 22:32:05'),
(957, 2, 2, 'qwrqwrqwrqwrqwr', 0, '2021-10-05 22:32:05'),
(958, 2, 2, 'qwrqwrqwrqwrqwr', 0, '2021-10-05 22:32:05'),
(959, 2, 2, 'qwrqwrqwrqwrqwr', 0, '2021-10-05 22:32:05'),
(960, 2, 2, 'qwrqwrqwrqwrqwr', 0, '2021-10-05 22:32:05'),
(961, 2, 2, 'qwrqwrqwrqwrqwr', 0, '2021-10-05 22:32:05'),
(962, 2, 2, 'qwrqwrqwrqwrqwr', 0, '2021-10-05 22:32:05'),
(963, 2, 2, 'qwrqwrqwrqwrqwr', 0, '2021-10-05 22:32:05'),
(964, 2, 2, 'qwrqwrqwrqwrqwr', 0, '2021-10-05 22:32:05'),
(965, 2, 2, 'qwrqwrqwrqwrqwr', 0, '2021-10-05 22:32:05'),
(966, 2, 2, 'qwrqwrqwrqwrqwr', 0, '2021-10-05 22:32:05'),
(967, 2, 2, 'qwrqwrqwrqwrqwr', 0, '2021-10-05 22:32:05'),
(968, 2, 2, 'qwrqwrqwrqwrqwr', 0, '2021-10-05 22:32:05'),
(969, 2, 2, 'qwrqwrqwrqwrqwr', 0, '2021-10-05 22:32:05'),
(970, 2, 2, 'qwrqwrqwrqwrqwr', 0, '2021-10-05 22:32:05'),
(971, 2, 2, 'qwrqwrqwrqwrqwr', 0, '2021-10-05 22:32:05'),
(972, 2, 2, 'qwrqwrqwrqwrqwr', 0, '2021-10-05 22:32:05'),
(973, 2, 2, 'qwrqwrqwrqwrqwr', 0, '2021-10-05 22:32:05'),
(974, 2, 2, 'qwrqwrqwrqwrqwr', 0, '2021-10-05 22:32:05'),
(975, 2, 2, 'qwrqwrqwrqwrqwr', 0, '2021-10-05 22:32:05'),
(976, 2, 2, 'qwrqwrqwrqwrqwr', 0, '2021-10-05 22:32:05'),
(977, 2, 2, 'qwrqwrqwrqwrqwr', 0, '2021-10-05 22:32:05'),
(978, 2, 2, 'qwrqwrqwrqwrqwr', 0, '2021-10-05 22:32:05'),
(979, 2, 2, 'qwrqwrqwrqwrqwr', 0, '2021-10-05 22:32:05'),
(980, 2, 2, 'qwrqwrqwrqwrqwr', 0, '2021-10-05 22:32:05'),
(981, 2, 2, 'qwrqwrqwrqwrqwr', 0, '2021-10-05 22:32:05'),
(982, 2, 2, 'qwrqwrqwrqwrqwr', 0, '2021-10-05 22:32:05'),
(983, 2, 2, 'qwrqwrqwrqwrqwr', 0, '2021-10-05 22:32:05'),
(984, 2, 2, 'qwrqwrqwrqwrqwr', 0, '2021-10-05 22:32:05'),
(985, 2, 2, 'qwrqwrqwrqwrqwr', 0, '2021-10-05 22:32:05'),
(986, 2, 2, 'qwrqwrqwrqwrqwr', 0, '2021-10-05 22:32:05'),
(987, 2, 2, 'qwrqwrqwrqwrqwr', 0, '2021-10-05 22:32:05'),
(988, 2, 2, 'qwrqwrqwrqwrqwr', 0, '2021-10-05 22:32:05'),
(989, 2, 2, 'qwrqwrqwrqwrqwr', 0, '2021-10-05 22:32:05'),
(990, 2, 2, 'qwrqwrqwrqwrqwr', 0, '2021-10-05 22:32:05'),
(991, 2, 2, 'qwrqwrqwrqwrqwr', 0, '2021-10-05 22:32:05'),
(992, 2, 2, 'qwrqwrqwrqwrqwr', 0, '2021-10-05 22:32:05'),
(993, 2, 2, 'qwrqwrqwrqwrqwr', 0, '2021-10-05 22:32:05'),
(994, 2, 2, 'qwrqwrqwrqwrqwr', 0, '2021-10-05 22:32:05'),
(995, 2, 2, 'qwrqwrqwrqwrqwr', 0, '2021-10-05 22:32:05'),
(996, 2, 2, 'qwrqwrqwrqwrqwr', 0, '2021-10-05 22:32:05'),
(997, 2, 2, 'qwrqwrqwrqwrqwr', 0, '2021-10-05 22:32:05'),
(998, 2, 2, 'qwrqwrqwrqwrqwr', 0, '2021-10-05 22:32:05'),
(999, 2, 2, 'qwrqwrqwrqwrqwr', 0, '2021-10-05 22:32:05'),
(1000, 2, 2, 'qwrqwrqwrqwrqwr', 0, '2021-10-05 22:32:05'),
(1001, 2, 2, 'qwrqwrqwrqwrqwr', 0, '2021-10-05 22:32:05'),
(1002, 2, 2, 'qwrqwrqwrqwrqwr', 0, '2021-10-05 22:32:05'),
(1003, 2, 2, 'qwrqwrqwrqwrqwr', 0, '2021-10-05 22:32:05'),
(1004, 2, 2, 'qwrqwrqwrqwrqwr', 0, '2021-10-05 22:32:05'),
(1005, 2, 2, 'qwrqwrqwrqwrqwr', 0, '2021-10-05 22:32:05'),
(1006, 2, 2, 'qwrqwrqwrqwrqwr', 0, '2021-10-05 22:32:05'),
(1007, 2, 2, 'qwrqwrqwrqwrqwr', 0, '2021-10-05 22:32:05'),
(1008, 2, 2, 'qwrqwrqwrqwrqwr', 0, '2021-10-05 22:32:05'),
(1009, 2, 2, 'qwrqwrqwrqwrqwr', 0, '2021-10-05 22:32:05'),
(1010, 2, 2, 'qwrqwrqwrqwrqwr', 0, '2021-10-05 22:32:05'),
(1011, 2, 2, 'qwrqwrqwrqwrqwr', 0, '2021-10-05 22:32:05'),
(1012, 2, 2, 'qwrqwrqwrqwrqwr', 0, '2021-10-05 22:32:05'),
(1013, 2, 2, 'qwrqwrqwrqwrqwr', 0, '2021-10-05 22:32:05'),
(1014, 2, 2, 'qwrqwrqwrqwrqwr', 0, '2021-10-05 22:32:05'),
(1015, 2, 2, 'qwrqwrqwrqwrqwr', 0, '2021-10-05 22:32:05'),
(1016, 2, 2, 'qwrqwrqwrqwrqwr', 0, '2021-10-05 22:32:05'),
(1017, 2, 2, 'qwrqwrqwrqwrqwr', 0, '2021-10-05 22:32:05'),
(1018, 2, 2, 'qwrqwrqwrqwrqwr', 0, '2021-10-05 22:32:05'),
(1019, 2, 2, 'qwrqwrqwrqwrqwr', 0, '2021-10-05 22:32:05'),
(1020, 2, 2, 'qwrqwrqwrqwrqwr', 0, '2021-10-05 22:32:05'),
(1021, 2, 2, 'qwrqwrqwrqwrqwr', 0, '2021-10-05 22:32:05'),
(1022, 2, 2, 'qwrqwrqwrqwrqwr', 0, '2021-10-05 22:32:05'),
(1023, 2, 2, 'qwrqwrqwrqwrqwr', 0, '2021-10-05 22:32:05'),
(1024, 2, 2, 'qwrqwrqwrqwrqwr', 0, '2021-10-05 22:32:05'),
(1025, 2, 2, 'qwrqwrqwrqwrqwr', 0, '2021-10-05 22:32:05'),
(1026, 2, 2, 'qwrqwrqwrqwrqwr', 0, '2021-10-05 22:32:05'),
(1027, 2, 2, 'qwrqwrqwrqwrqwr', 0, '2021-10-05 22:32:05'),
(1028, 2, 2, 'qwrqwrqwrqwrqwr', 0, '2021-10-05 22:32:05'),
(1029, 2, 2, 'qwrqwrqwrqwrqwr', 0, '2021-10-05 22:32:05'),
(1030, 2, 2, 'qwrqwrqwrqwrqwr', 0, '2021-10-05 22:32:05'),
(1031, 2, 2, 'qwrqwrqwrqwrqwr', 0, '2021-10-05 22:32:05'),
(1032, 2, 2, 'qwrqwrqwrqwrqwr', 0, '2021-10-05 22:32:05'),
(1033, 2, 2, 'qwrqwrqwrqwrqwr', 0, '2021-10-05 22:32:05'),
(1034, 2, 2, 'qwrqwrqwrqwrqwr', 0, '2021-10-05 22:32:05'),
(1035, 2, 2, 'qwrqwrqwrqwrqwr', 0, '2021-10-05 22:32:05'),
(1036, 2, 2, 'qwrqwrqwrqwrqwr', 0, '2021-10-05 22:32:05'),
(1037, 2, 2, 'qwrqwrqwrqwrqwr', 0, '2021-10-05 22:32:05'),
(1038, 2, 2, 'qwrqwrqwrqwrqwr', 0, '2021-10-05 22:32:05'),
(1039, 2, 2, 'qwrqwrqwrqwrqwr', 0, '2021-10-05 22:32:05'),
(1040, 2, 2, 'qwrqwrqwrqwrqwr', 0, '2021-10-05 22:32:05'),
(1041, 2, 2, 'qwrqwrqwrqwrqwr', 0, '2021-10-05 22:32:05'),
(1042, 2, 2, 'qwrqwrqwrqwrqwr', 0, '2021-10-05 22:32:05'),
(1043, 2, 2, 'qwrqwrqwrqwrqwr', 0, '2021-10-05 22:32:05'),
(1044, 2, 2, 'qwrqwrqwrqwrqwr', 0, '2021-10-05 22:32:05'),
(1045, 2, 2, 'qwrqwrqwrqwrqwr', 0, '2021-10-05 22:32:05'),
(1046, 2, 2, 'qwrqwrqwrqwrqwr', 0, '2021-10-05 22:32:05'),
(1047, 2, 2, 'qwrqwrqwrqwrqwr', 0, '2021-10-05 22:32:05'),
(1048, 2, 2, 'qwrqwrqwrqwrqwr', 0, '2021-10-05 22:32:05'),
(1049, 2, 2, 'qwrqwrqwrqwrqwr', 0, '2021-10-05 22:32:05'),
(1050, 2, 2, 'qwrqwrqwrqwrqwr', 0, '2021-10-05 22:32:05'),
(1051, 2, 2, 'qwrqwrqwrqwrqwr', 0, '2021-10-05 22:32:05'),
(1052, 2, 2, 'qwrqwrqwrqwrqwr', 0, '2021-10-05 22:32:05'),
(1053, 2, 2, 'qwrqwrqwrqwrqwr', 0, '2021-10-05 22:32:05'),
(1054, 2, 2, 'qwrqwrqwrqwrqwr', 0, '2021-10-05 22:32:05'),
(1055, 2, 2, 'qwrqwrqwrqwrqwr', 0, '2021-10-05 22:32:05'),
(1056, 2, 2, 'qwrqwrqwrqwrqwr', 0, '2021-10-05 22:32:05'),
(1057, 1, 1, 'qqqrwq rrrrrrrrrrrrrrr', 0, '2021-10-05 22:32:05');

-- --------------------------------------------------------

--
-- Table structure for table `users`
--

CREATE TABLE `users` (
  `usr_id` int(11) NOT NULL,
  `usr_name` varchar(256) COLLATE utf8mb4_unicode_ci NOT NULL,
  `usr_active` tinyint(1) NOT NULL DEFAULT 1,
  `usr_created` datetime NOT NULL DEFAULT current_timestamp()
) ENGINE=InnoDB DEFAULT CHARSET=utf8mb4 COLLATE=utf8mb4_unicode_ci;

--
-- Dumping data for table `users`
--

INSERT INTO `users` (`usr_id`, `usr_name`, `usr_active`, `usr_created`) VALUES
(1, 'user1', 1, '2021-10-04 22:19:45'),
(2, 'user2', 1, '2021-10-04 22:19:45'),
(3, 'user3', 1, '2021-10-04 22:20:08'),
(4, 'user4', 1, '2021-10-04 22:20:08'),
(5, 'user5', 1, '2021-10-04 22:20:08'),
(6, 'user6', 1, '2021-10-04 22:20:08');

--
-- Indexes for dumped tables
--

--
-- Indexes for table `countries`
--
ALTER TABLE `countries`
  ADD PRIMARY KEY (`cnt_id`);

--
-- Indexes for table `numbers`
--
ALTER TABLE `numbers`
  ADD PRIMARY KEY (`num_id`);

--
-- Indexes for table `send_log`
--
ALTER TABLE `send_log`
  ADD PRIMARY KEY (`log_id`);

--
-- Indexes for table `users`
--
ALTER TABLE `users`
  ADD PRIMARY KEY (`usr_id`);

--
-- AUTO_INCREMENT for dumped tables
--

--
-- AUTO_INCREMENT for table `countries`
--
ALTER TABLE `countries`
  MODIFY `cnt_id` int(11) NOT NULL AUTO_INCREMENT, AUTO_INCREMENT=7;

--
-- AUTO_INCREMENT for table `numbers`
--
ALTER TABLE `numbers`
  MODIFY `num_id` int(11) NOT NULL AUTO_INCREMENT, AUTO_INCREMENT=10;

--
-- AUTO_INCREMENT for table `send_log`
--
ALTER TABLE `send_log`
  MODIFY `log_id` int(11) NOT NULL AUTO_INCREMENT, AUTO_INCREMENT=1058;

--
-- AUTO_INCREMENT for table `users`
--
ALTER TABLE `users`
  MODIFY `usr_id` int(11) NOT NULL AUTO_INCREMENT, AUTO_INCREMENT=7;
COMMIT;

/*!40101 SET CHARACTER_SET_CLIENT=@OLD_CHARACTER_SET_CLIENT */;
/*!40101 SET CHARACTER_SET_RESULTS=@OLD_CHARACTER_SET_RESULTS */;
/*!40101 SET COLLATION_CONNECTION=@OLD_COLLATION_CONNECTION */;
